dataset,config_a,config_b,err_a,err_b,shared,jaccard
eurosat,resnet50_imagenet_ms9,resnet50_imagenet_rgb3,30,38,21,0.4468
eurosat,resnet50_imagenet_ms9,resnet50_satlas-ms_ms9,30,23,15,0.3947
eurosat,resnet50_imagenet_ms9,resnet50_satlas-rgb_rgb3,30,40,18,0.3462
eurosat,resnet50_imagenet_ms9,resnet50_scratch_ms9,30,58,15,0.2055
eurosat,resnet50_imagenet_ms9,swin_b_imagenet_ms9,30,26,16,0.4
eurosat,resnet50_imagenet_ms9,swin_b_imagenet_rgb3,30,20,12,0.3158
eurosat,resnet50_imagenet_ms9,swin_b_satlas-ms_ms9,30,21,14,0.3784
eurosat,resnet50_imagenet_ms9,swin_b_satlas-rgb_rgb3,30,25,16,0.4103
eurosat,resnet50_imagenet_ms9,swin_b_scratch_ms9,30,99,17,0.1518
eurosat,resnet50_imagenet_rgb3,resnet50_satlas-ms_ms9,38,23,14,0.2979
eurosat,resnet50_imagenet_rgb3,resnet50_satlas-rgb_rgb3,38,40,17,0.2787
eurosat,resnet50_imagenet_rgb3,resnet50_scratch_ms9,38,58,16,0.2
eurosat,resnet50_imagenet_rgb3,swin_b_imagenet_ms9,38,26,15,0.3061
eurosat,resnet50_imagenet_rgb3,swin_b_imagenet_rgb3,38,20,15,0.3488
eurosat,resnet50_imagenet_rgb3,swin_b_satlas-ms_ms9,38,21,17,0.4048
eurosat,resnet50_imagenet_rgb3,swin_b_satlas-rgb_rgb3,38,25,20,0.4651
eurosat,resnet50_imagenet_rgb3,swin_b_scratch_ms9,38,99,20,0.1709
eurosat,resnet50_satlas-ms_ms9,resnet50_satlas-rgb_rgb3,23,40,14,0.2857
eurosat,resnet50_satlas-ms_ms9,resnet50_scratch_ms9,23,58,12,0.1739
eurosat,resnet50_satlas-ms_ms9,swin_b_imagenet_ms9,23,26,13,0.3611
eurosat,resnet50_satlas-ms_ms9,swin_b_imagenet_rgb3,23,20,11,0.3438
eurosat,resnet50_satlas-ms_ms9,swin_b_satlas-ms_ms9,23,21,11,0.3333
eurosat,resnet50_satlas-ms_ms9,swin_b_satlas-rgb_rgb3,23,25,12,0.3333
eurosat,resnet50_satlas-ms_ms9,swin_b_scratch_ms9,23,99,18,0.1731
eurosat,resnet50_satlas-rgb_rgb3,resnet50_scratch_ms9,40,58,11,0.1264
eurosat,resnet50_satlas-rgb_rgb3,swin_b_imagenet_ms9,40,26,12,0.2222
eurosat,resnet50_satlas-rgb_rgb3,swin_b_imagenet_rgb3,40,20,12,0.25
eurosat,resnet50_satlas-rgb_rgb3,swin_b_satlas-ms_ms9,40,21,11,0.22
eurosat,resnet50_satlas-rgb_rgb3,swin_b_satlas-rgb_rgb3,40,25,14,0.2745
eurosat,resnet50_satlas-rgb_rgb3,swin_b_scratch_ms9,40,99,12,0.0945
eurosat,resnet50_scratch_ms9,swin_b_imagenet_ms9,58,26,12,0.1667
eurosat,resnet50_scratch_ms9,swin_b_imagenet_rgb3,58,20,9,0.1304
eurosat,resnet50_scratch_ms9,swin_b_satlas-ms_ms9,58,21,11,0.1618
eurosat,resnet50_scratch_ms9,swin_b_satlas-rgb_rgb3,58,25,12,0.169
eurosat,resnet50_scratch_ms9,swin_b_scratch_ms9,58,99,31,0.246
eurosat,swin_b_imagenet_ms9,swin_b_imagenet_rgb3,26,20,12,0.3529
eurosat,swin_b_imagenet_ms9,swin_b_satlas-ms_ms9,26,21,13,0.3824
eurosat,swin_b_imagenet_ms9,swin_b_satlas-rgb_rgb3,26,25,15,0.4167
eurosat,swin_b_imagenet_ms9,swin_b_scratch_ms9,26,99,18,0.1682
eurosat,swin_b_imagenet_rgb3,swin_b_satlas-ms_ms9,20,21,11,0.3667
eurosat,swin_b_imagenet_rgb3,swin_b_satlas-rgb_rgb3,20,25,17,0.6071
eurosat,swin_b_imagenet_rgb3,swin_b_scratch_ms9,20,99,11,0.1019
eurosat,swin_b_satlas-ms_ms9,swin_b_satlas-rgb_rgb3,21,25,14,0.4375
eurosat,swin_b_satlas-ms_ms9,swin_b_scratch_ms9,21,99,19,0.1881
eurosat,swin_b_satlas-rgb_rgb3,swin_b_scratch_ms9,25,99,15,0.1376
resisc45,resnet50_imagenet_rgb3,resnet50_satlas-rgb_rgb3,231,456,113,0.1969
resisc45,resnet50_imagenet_rgb3,resnet50_scratch_rgb3,231,1542,161,0.0999
resisc45,resnet50_imagenet_rgb3,swin_b_imagenet_rgb3,231,150,85,0.2872
resisc45,resnet50_imagenet_rgb3,swin_b_satlas-aerial_rgb3,231,137,62,0.2026
resisc45,resnet50_imagenet_rgb3,swin_b_satlas-rgb_rgb3,231,253,92,0.2347
resisc45,resnet50_imagenet_rgb3,swin_b_scratch_rgb3,231,1960,178,0.0884
resisc45,resnet50_satlas-rgb_rgb3,resnet50_scratch_rgb3,456,1542,346,0.2094
resisc45,resnet50_satlas-rgb_rgb3,swin_b_imagenet_rgb3,456,150,90,0.1744
resisc45,resnet50_satlas-rgb_rgb3,swin_b_satlas-aerial_rgb3,456,137,80,0.1559
resisc45,resnet50_satlas-rgb_rgb3,swin_b_satlas-rgb_rgb3,456,253,151,0.2706
resisc45,resnet50_satlas-rgb_rgb3,swin_b_scratch_rgb3,456,1960,356,0.1728
resisc45,resnet50_scratch_rgb3,swin_b_imagenet_rgb3,1542,150,108,0.0682
resisc45,resnet50_scratch_rgb3,swin_b_satlas-aerial_rgb3,1542,137,100,0.0633
resisc45,resnet50_scratch_rgb3,swin_b_satlas-rgb_rgb3,1542,253,190,0.1184
resisc45,resnet50_scratch_rgb3,swin_b_scratch_rgb3,1542,1960,1177,0.5062
resisc45,swin_b_imagenet_rgb3,swin_b_satlas-aerial_rgb3,150,137,73,0.3411
resisc45,swin_b_imagenet_rgb3,swin_b_satlas-rgb_rgb3,150,253,97,0.317
resisc45,swin_b_imagenet_rgb3,swin_b_scratch_rgb3,150,1960,119,0.0598
resisc45,swin_b_satlas-aerial_rgb3,swin_b_satlas-rgb_rgb3,137,253,77,0.246
resisc45,swin_b_satlas-aerial_rgb3,swin_b_scratch_rgb3,137,1960,114,0.0575
resisc45,swin_b_satlas-rgb_rgb3,swin_b_scratch_rgb3,253,1960,205,0.1021
