dataset,config_id,k_shot,n_seeds,frozen_acc,frozen_std,finetuned_acc,finetuned_std,finetuning_gain
eurosat,resnet50_imagenet_ms9,5,5,0.750074074074074,0.03628438958143937,0.7685925925925925,0.01483424651556321,0.01851851851851849
eurosat,resnet50_imagenet_ms9,10,5,0.8265185185185185,0.008743408255861654,0.8151111111111111,0.020650265628014197,-0.011407407407407422
eurosat,resnet50_imagenet_ms9,25,5,0.8817777777777778,0.00537611442493681,0.8915555555555554,0.006826278602653318,0.009777777777777663
eurosat,resnet50_imagenet_ms9,50,5,0.9056296296296296,0.002956010361368106,0.9259999999999999,0.0030248173317178276,0.020370370370370372
eurosat,resnet50_imagenet_ms9,100,5,0.9254074074074075,0.0020720889971406666,0.952962962962963,0.0030653602513419998,0.027555555555555555
eurosat,resnet50_imagenet_ms9,full,5,0.9656296296296295,0.002085287149668065,0.9887407407407407,0.0011886523359911872,0.023111111111111193
eurosat,resnet50_imagenet_rgb3,5,5,0.7823703703703704,0.023664029297202866,0.7368888888888889,0.024276358124438843,-0.045481481481481456
eurosat,resnet50_imagenet_rgb3,10,5,0.8388888888888889,0.018134915810881634,0.8045925925925925,0.02308450510314957,-0.03429629629629638
eurosat,resnet50_imagenet_rgb3,25,5,0.8971851851851852,0.007682842123858652,0.8705925925925925,0.01762200270752073,-0.026592592592592723
eurosat,resnet50_imagenet_rgb3,50,5,0.9196296296296296,0.003749714209503043,0.9178518518518519,0.008632093115233849,-0.001777777777777656
eurosat,resnet50_imagenet_rgb3,100,5,0.9331851851851851,0.0027913249898395315,0.9464444444444444,0.004931631338038192,0.013259259259259304
eurosat,resnet50_imagenet_rgb3,full,5,0.9698518518518519,0.001067026688213946,0.9887407407407407,0.0016271024175176544,0.018888888888888844
eurosat,resnet50_satlas-ms_ms9,5,5,0.7008148148148148,0.022546096660459244,0.7955555555555555,0.033287004842100544,0.09474074074074068
eurosat,resnet50_satlas-ms_ms9,10,5,0.7598518518518518,0.008209365991736653,0.8477777777777777,0.013835700625446543,0.08792592592592596
eurosat,resnet50_satlas-ms_ms9,25,5,0.8191851851851851,0.01080250440911348,0.9087407407407408,0.006786980192778999,0.08955555555555572
eurosat,resnet50_satlas-ms_ms9,50,5,0.8485185185185186,0.008285873081924886,0.932,0.006961583787761062,0.08348148148148149
eurosat,resnet50_satlas-ms_ms9,100,5,0.8836296296296297,0.007753047102204327,0.9575555555555557,0.006195267896327791,0.07392592592592606
eurosat,resnet50_satlas-ms_ms9,full,5,0.9447407407407408,0.0016228816518672187,0.9914074074074074,0.0006085806194502527,0.046666666666666634
eurosat,resnet50_satlas-rgb_rgb3,5,5,0.7452592592592592,0.007690872505136275,0.7337037037037037,0.02047448142383002,-0.01155555555555543
eurosat,resnet50_satlas-rgb_rgb3,10,5,0.798074074074074,0.00727379497088446,0.8111851851851852,0.029970721881463276,0.013111111111111184
eurosat,resnet50_satlas-rgb_rgb3,25,5,0.8502962962962963,0.007542290461435715,0.8822962962962964,0.007174103711290819,0.03200000000000003
eurosat,resnet50_satlas-rgb_rgb3,50,5,0.8802962962962961,0.0030134586084160117,0.908148148148148,0.0032814898419758634,0.027851851851851905
eurosat,resnet50_satlas-rgb_rgb3,100,5,0.898074074074074,0.0029327159844191224,0.9374814814814816,0.0048953380583034774,0.03940740740740756
eurosat,resnet50_satlas-rgb_rgb3,full,5,0.9508888888888889,0.0016058876584206766,0.9848888888888888,0.0024201939633636256,0.03399999999999992
eurosat,resnet50_scratch_ms9,5,5,0.43148148148148147,0.030000000000000023,0.5243703703703704,0.03861135535938379,0.09288888888888891
eurosat,resnet50_scratch_ms9,10,5,0.4257777777777777,0.023027984406882435,0.5882962962962963,0.02400931460764069,0.16251851851851862
eurosat,resnet50_scratch_ms9,25,5,0.4278518518518518,0.018670487557215596,0.6856296296296296,0.004177147312554589,0.2577777777777778
eurosat,resnet50_scratch_ms9,50,5,0.384074074074074,0.03975835790522058,0.7247407407407407,0.017797828199377034,0.3406666666666667
eurosat,resnet50_scratch_ms9,100,5,0.4380740740740741,0.015034026336075106,0.768888888888889,0.013039456846136277,0.33081481481481484
eurosat,resnet50_scratch_ms9,full,5,0.7051851851851852,0.025986701252281134,0.9752592592592592,0.0028133524466419043,0.2700740740740739
eurosat,swin_b_imagenet_ms9,5,5,0.7202222222222222,0.02240756045249232,0.821111111111111,0.012524324754748814,0.1008888888888888
eurosat,swin_b_imagenet_ms9,10,5,0.7952592592592593,0.008600252014044437,0.8746666666666666,0.025720882294513737,0.07940740740740726
eurosat,swin_b_imagenet_ms9,25,5,0.8641481481481481,0.009613233905297933,0.931925925925926,0.006059829729552356,0.06777777777777794
eurosat,swin_b_imagenet_ms9,50,5,0.8944444444444445,0.006214059902060241,0.9514074074074074,0.00396659577347859,0.05696296296296288
eurosat,swin_b_imagenet_ms9,100,5,0.918962962962963,0.004424337232301603,0.9662222222222223,0.004085841591265673,0.047259259259259334
eurosat,swin_b_imagenet_ms9,full,5,0.9622962962962964,0.0027014196338978743,0.9895555555555557,0.0017253058813113925,0.027259259259259316
eurosat,swin_b_imagenet_rgb3,5,5,0.7251111111111112,0.01646253592746989,0.820888888888889,0.029950347570869874,0.09577777777777785
eurosat,swin_b_imagenet_rgb3,10,5,0.8008148148148149,0.005207623408406742,0.8758518518518518,0.01243198229621661,0.0750370370370369
eurosat,swin_b_imagenet_rgb3,25,5,0.8768148148148148,0.008395243280535062,0.9378518518518518,0.012234561672333413,0.061037037037037
eurosat,swin_b_imagenet_rgb3,50,5,0.9073333333333332,0.0029906117389905556,0.9573333333333334,0.003243649488268342,0.050000000000000155
eurosat,swin_b_imagenet_rgb3,100,5,0.9286666666666665,0.006161965731284579,0.9717777777777779,0.002405982484283185,0.04311111111111132
eurosat,swin_b_imagenet_rgb3,full,5,0.9712592592592593,0.0018629298281420661,0.9915555555555556,0.0010924356447224066,0.020296296296296368
eurosat,swin_b_satlas-ms_ms9,5,5,0.7925185185185184,0.012865773226406047,0.8622962962962962,0.014290250112762987,0.06977777777777783
eurosat,swin_b_satlas-ms_ms9,10,5,0.8587407407407408,0.01688864522241381,0.9146666666666666,0.005534528107412691,0.05592592592592582
eurosat,swin_b_satlas-ms_ms9,25,5,0.8985185185185184,0.005689737591013823,0.9565185185185185,0.005590016576214991,0.05800000000000016
eurosat,swin_b_satlas-ms_ms9,50,5,0.9162962962962963,0.0028808054048340926,0.9612592592592593,0.0015843888619413474,0.04496296296296298
eurosat,swin_b_satlas-ms_ms9,100,5,0.936888888888889,0.003245763303734367,0.9752592592592592,0.002085287149668031,0.038370370370370166
eurosat,swin_b_satlas-ms_ms9,full,5,0.9788148148148148,0.0009586799337441151,0.9908148148148148,0.0008842471397269277,0.01200000000000001
eurosat,swin_b_satlas-rgb_rgb3,5,5,0.8145925925925926,0.011833318843090869,0.8274814814814814,0.02610178451766963,0.012888888888888728
eurosat,swin_b_satlas-rgb_rgb3,10,5,0.8629629629629629,0.00858668379212565,0.8814074074074074,0.017001573396082735,0.018444444444444485
eurosat,swin_b_satlas-rgb_rgb3,25,5,0.9058518518518518,0.0056376648309586,0.9305185185185184,0.00875908307707866,0.024666666666666615
eurosat,swin_b_satlas-rgb_rgb3,50,5,0.9254074074074075,0.006009822777892333,0.9544444444444444,0.004588708034579212,0.029037037037036972
eurosat,swin_b_satlas-rgb_rgb3,100,5,0.9405925925925926,0.005028042077494887,0.9692592592592593,0.003494067085946862,0.028666666666666618
eurosat,swin_b_satlas-rgb_rgb3,full,5,0.9792592592592593,0.0005237828008789209,0.989925925925926,0.0007124216319137947,0.010666666666666713
eurosat,swin_b_scratch_ms9,5,5,0.5217777777777778,0.033372816122812864,0.5438518518518518,0.011748974796940773,0.022074074074074024
eurosat,swin_b_scratch_ms9,10,5,0.6036296296296296,0.022845277882668696,0.6168888888888888,0.020898211736229768,0.013259259259259193
eurosat,swin_b_scratch_ms9,25,5,0.6597777777777778,0.011789767947584351,0.7003703703703704,0.018743082857599985,0.040592592592592625
eurosat,swin_b_scratch_ms9,50,5,0.6735555555555555,0.017016090182614827,0.7151851851851851,0.01284336361807383,0.04162962962962968
eurosat,swin_b_scratch_ms9,100,5,0.7068148148148148,0.013332304487054303,0.7514814814814815,0.015964638564631338,0.04466666666666674
eurosat,swin_b_scratch_ms9,full,5,0.8753333333333334,0.004875683624818991,0.959925925925926,0.0025978782098889856,0.08459259259259255
resisc45,resnet50_imagenet_rgb3,5,5,0.6303915343915344,0.0113721909311884,0.6244656084656085,0.011743266751162985,-0.00592592592592589
resisc45,resnet50_imagenet_rgb3,10,5,0.7170793650793652,0.00298330132297842,0.7106031746031747,0.006601003577436741,-0.006476190476190524
resisc45,resnet50_imagenet_rgb3,25,5,0.786074074074074,0.005128510046429105,0.7942433862433862,0.008566070570441064,0.00816931216931216
resisc45,resnet50_imagenet_rgb3,50,5,0.8273862433862433,0.003837638757805061,0.8473650793650794,0.0035835381610635634,0.019978835978836096
resisc45,resnet50_imagenet_rgb3,100,5,0.8574391534391534,0.001768177657075591,0.8912592592592592,0.003997143516890086,0.03382010582010575
resisc45,resnet50_imagenet_rgb3,full,5,0.9096719576719575,0.0036760875179388166,0.9539894179894179,0.0019999720050670744,0.04431746031746042
resisc45,resnet50_satlas-rgb_rgb3,5,5,0.3743068783068783,0.013455890923008432,0.41011640211640205,0.017053395150590994,0.035809523809523736
resisc45,resnet50_satlas-rgb_rgb3,10,5,0.455026455026455,0.0037112545855556085,0.4951534391534391,0.008068184555822887,0.04012698412698412
resisc45,resnet50_satlas-rgb_rgb3,25,5,0.5434920634920635,0.002234784347295523,0.621037037037037,0.007687231648407752,0.07754497354497358
resisc45,resnet50_satlas-rgb_rgb3,50,5,0.6084232804232805,0.0046642544966198326,0.70205291005291,0.0023058101502586217,0.09362962962962951
resisc45,resnet50_satlas-rgb_rgb3,100,5,0.6628571428571429,0.005801799010316526,0.7776507936507937,0.003912769066120353,0.11479365079365078
resisc45,resnet50_satlas-rgb_rgb3,full,5,0.7504338624338625,0.003769335341526888,0.9020952380952382,0.002888714454876843,0.15166137566137572
resisc45,resnet50_scratch_rgb3,5,5,0.04152380952380946,0.014621107002113276,0.1979682539682539,0.008197609788738748,0.15644444444444444
resisc45,resnet50_scratch_rgb3,10,5,0.0251428571428571,0.0036943191763970026,0.22628571428571426,0.005833366327037214,0.20114285714285715
resisc45,resnet50_scratch_rgb3,25,5,0.03123809523809522,0.010527478538224526,0.2874920634920634,0.010410891571200717,0.2562539682539682
resisc45,resnet50_scratch_rgb3,50,5,0.026497354497354457,0.00920622757324015,0.3465396825396825,0.007193588216617001,0.320042328042328
resisc45,resnet50_scratch_rgb3,100,5,0.02878306878306876,0.01467049889999862,0.4267936507936508,0.00887703921681389,0.39801058201058204
resisc45,resnet50_scratch_rgb3,full,5,0.11428571428571424,0.08943658427237715,0.647111111111111,0.01947584478261111,0.5328253968253968
resisc45,swin_b_imagenet_rgb3,5,5,0.6048253968253968,0.008340880096681153,0.6836825396825397,0.010179212156365395,0.07885714285714285
resisc45,swin_b_imagenet_rgb3,10,5,0.6943492063492064,0.005738533699075494,0.7812063492063492,0.010369722471932432,0.08685714285714285
resisc45,swin_b_imagenet_rgb3,25,5,0.776973544973545,0.005574219091435676,0.857100529100529,0.004625682368664473,0.08012698412698405
resisc45,swin_b_imagenet_rgb3,50,5,0.8285291005291004,0.005794846582402371,0.897904761904762,0.002991547679844996,0.06937566137566153
resisc45,swin_b_imagenet_rgb3,100,5,0.8617142857142858,0.0030176361689121674,0.9275343915343915,0.0015378541481130326,0.06582010582010578
resisc45,swin_b_imagenet_rgb3,full,5,0.9197037037037037,0.0027981365301228533,0.9683386243386243,0.0009297728100101344,0.048634920634920586
resisc45,swin_b_satlas-aerial_rgb3,5,5,0.6396190476190475,0.010763938771330871,0.6778835978835979,0.016195662619859462,0.038264550264550334
resisc45,swin_b_satlas-aerial_rgb3,10,5,0.7124656084656085,0.01198395762404128,0.7621587301587303,0.01031450235715384,0.04969312169312179
resisc45,swin_b_satlas-aerial_rgb3,25,5,0.7902645502645503,0.004692021011088973,0.8421587301587301,0.013156975946963606,0.05189417989417977
resisc45,swin_b_satlas-aerial_rgb3,50,5,0.84194708994709,0.005154644970453659,0.8904973544973546,0.00688172483250427,0.048550264550264566
resisc45,swin_b_satlas-aerial_rgb3,100,5,0.8837248677248677,0.00375802939270516,0.9272380952380953,0.004159147494441468,0.043513227513227615
resisc45,swin_b_satlas-aerial_rgb3,full,5,0.9388359788359788,0.0004732419000000448,0.970074074074074,0.0016020479041503105,0.031238095238095176
resisc45,swin_b_satlas-rgb_rgb3,5,5,0.44029629629629624,0.00935488040586128,0.5226666666666666,0.011888266055084647,0.08237037037037037
resisc45,swin_b_satlas-rgb_rgb3,10,5,0.5267724867724868,0.017180701581039067,0.6275978835978836,0.01312988309011045,0.10082539682539682
resisc45,swin_b_satlas-rgb_rgb3,25,5,0.6319153439153439,0.007132306532830886,0.7428148148148148,0.004822425521651167,0.11089947089947094
resisc45,swin_b_satlas-rgb_rgb3,50,5,0.704126984126984,0.003945259657631161,0.8256507936507937,0.0018291886083666848,0.1215238095238097
resisc45,swin_b_satlas-rgb_rgb3,100,5,0.7600846560846561,0.005226270657539895,0.8794920634920634,0.0031483926809124227,0.1194074074074073
resisc45,swin_b_satlas-rgb_rgb3,full,5,0.8472804232804233,0.0015158522395318493,0.9485291005291006,0.0012821275116072742,0.10124867724867725
resisc45,swin_b_scratch_rgb3,5,5,0.2079576719576719,0.013618846172911885,0.20884656084656078,0.01042250151522595,0.0008888888888888835
resisc45,swin_b_scratch_rgb3,10,5,0.2378835978835978,0.011870733259157823,0.2275132275132275,0.016448815582150507,-0.010370370370370308
resisc45,swin_b_scratch_rgb3,25,5,0.28668783068783066,0.016354325323171433,0.26759788359788356,0.009523339200614905,-0.0190899470899471
resisc45,swin_b_scratch_rgb3,50,5,0.3393015873015873,0.016308248211122315,0.30264550264550266,0.007439085701935228,-0.036656084656084664
resisc45,swin_b_scratch_rgb3,100,5,0.38294179894179886,0.01278681748880933,0.3613968253968254,0.015291353138607697,-0.021544973544973478
resisc45,swin_b_scratch_rgb3,full,5,0.4899894179894179,0.015896561020465147,0.5933121693121693,0.01253206743078536,0.10332275132275143
