dataset,k_shot,stage,seed,config_a,config_b,p_raw,n_discordant,b_only,c_only,exact_used,n_err_a,n_err_b,n_err_both,jaccard,gpu_mismatch,p_holm,significant_holm_05
eurosat,5,stage2,42,resnet50_imagenet_ms9,resnet50_imagenet_rgb3,0.8752340238797087,649,327,322,False,625,630,303,0.3182773109243697,False,1.0,False
eurosat,5,stage2,42,resnet50_imagenet_ms9,resnet50_satlas-ms_ms9,1.840992782523665e-10,638,238,400,False,625,463,225,0.2607184241019699,False,3.866084843299697e-09,True
eurosat,5,stage2,42,resnet50_imagenet_ms9,resnet50_satlas-rgb_rgb3,0.5818617484988735,742,379,363,False,625,641,262,0.26095617529880477,False,1.0,False
eurosat,5,stage2,42,resnet50_imagenet_ms9,resnet50_scratch_ms9,2.9031251324943522e-98,1057,871,186,False,625,1310,439,0.2934491978609626,False,1.0160937963730233e-96,True
eurosat,5,stage2,42,resnet50_imagenet_ms9,swin_b_imagenet_ms9,1.784722626478724e-08,700,275,425,False,625,475,200,0.2222222222222222,False,2.8555562023659585e-07,True
eurosat,5,stage2,42,resnet50_imagenet_ms9,swin_b_imagenet_rgb3,2.3695466675771754e-08,647,252,395,False,625,482,230,0.26225769669327254,False,3.554320001365763e-07,True
eurosat,5,stage2,42,resnet50_imagenet_ms9,swin_b_satlas-ms_ms9,2.886434360256424e-19,640,206,434,False,625,397,191,0.22984356197352587,False,7.793372772692345e-18,True
eurosat,5,stage2,42,resnet50_imagenet_ms9,swin_b_satlas-rgb_rgb3,7.6708446074452e-18,696,234,462,False,625,397,163,0.18975552968568102,False,1.9177111518613e-16,True
eurosat,5,stage2,42,resnet50_imagenet_ms9,swin_b_scratch_ms9,5.298936726681545e-76,1104,859,245,False,625,1239,380,0.2560646900269542,False,1.6956597525380943e-74,True
eurosat,5,stage2,42,resnet50_imagenet_rgb3,resnet50_satlas-ms_ms9,1.608777728366919e-11,607,220,387,False,630,463,243,0.2858823529411765,False,3.5393110024072215e-10,True
eurosat,5,stage2,42,resnet50_imagenet_rgb3,resnet50_satlas-rgb_rgb3,0.6977438558393427,663,337,326,False,630,641,304,0.31437435367114785,False,1.0,False
eurosat,5,stage2,42,resnet50_imagenet_rgb3,resnet50_scratch_ms9,7.02074263824943e-89,1154,917,237,False,630,1310,393,0.2540400775694893,False,2.316845070622312e-87,True
eurosat,5,stage2,42,resnet50_imagenet_rgb3,swin_b_imagenet_ms9,1.0689053995390274e-08,725,285,440,False,630,475,190,0.20765027322404372,False,1.8171391792163466e-07,True
eurosat,5,stage2,42,resnet50_imagenet_rgb3,swin_b_imagenet_rgb3,5.8923114353774245e-09,638,245,393,False,630,482,237,0.27085714285714285,False,1.0606160583679364e-07,True
eurosat,5,stage2,42,resnet50_imagenet_rgb3,swin_b_satlas-ms_ms9,2.3088541155151417e-17,749,258,491,False,630,397,139,0.15653153153153154,False,5.54124987723634e-16,True
eurosat,5,stage2,42,resnet50_imagenet_rgb3,swin_b_satlas-rgb_rgb3,1.8870642728318845e-21,595,181,414,False,630,397,216,0.26633785450061653,False,5.2837799639292764e-20,True
eurosat,5,stage2,42,resnet50_imagenet_rgb3,swin_b_scratch_ms9,1.0674238481636151e-69,1187,898,289,False,630,1239,341,0.2231675392670157,False,3.2022715444908452e-68,True
eurosat,5,stage2,42,resnet50_satlas-ms_ms9,resnet50_satlas-rgb_rgb3,6.472799948493267e-13,606,392,214,False,463,641,249,0.2912280701754386,False,1.4887439881534513e-11,True
eurosat,5,stage2,42,resnet50_satlas-ms_ms9,resnet50_scratch_ms9,1.265723010913321e-142,1107,977,130,False,463,1310,333,0.23125,False,5.316036645835948e-141,True
eurosat,5,stage2,42,resnet50_satlas-ms_ms9,swin_b_imagenet_ms9,0.6685241388865244,660,336,324,False,463,475,139,0.1739674593241552,False,1.0,False
eurosat,5,stage2,42,resnet50_satlas-ms_ms9,swin_b_imagenet_rgb3,0.4559792828722836,583,301,282,False,463,482,181,0.2369109947643979,False,1.0,False
eurosat,5,stage2,42,resnet50_satlas-ms_ms9,swin_b_satlas-ms_ms9,0.004910835465681686,534,234,300,False,463,397,163,0.23385939741750358,False,0.04751434477229201,True
eurosat,5,stage2,42,resnet50_satlas-ms_ms9,swin_b_satlas-rgb_rgb3,0.004751434477229201,530,232,298,False,463,397,165,0.23741007194244604,False,0.04751434477229201,True
eurosat,5,stage2,42,resnet50_satlas-ms_ms9,swin_b_scratch_ms9,2.0594581553818765e-121,1094,935,159,False,463,1239,304,0.21745350500715308,False,7.82594099045113e-120,True
eurosat,5,stage2,42,resnet50_satlas-rgb_rgb3,resnet50_scratch_ms9,3.885475138774005e-90,1101,885,216,False,641,1310,425,0.27850589777195284,False,1.3210615471831618e-88,True
eurosat,5,stage2,42,resnet50_satlas-rgb_rgb3,swin_b_imagenet_ms9,3.626478286648747e-09,782,308,474,False,641,475,167,0.17597471022128555,False,6.890308744632619e-08,True
eurosat,5,stage2,42,resnet50_satlas-rgb_rgb3,swin_b_imagenet_rgb3,2.6712168167328782e-09,705,273,432,False,641,482,209,0.2286652078774617,False,5.3424336334657566e-08,True
eurosat,5,stage2,42,resnet50_satlas-rgb_rgb3,swin_b_satlas-ms_ms9,1.3325263240044275e-18,762,259,503,False,641,397,138,0.15333333333333332,False,3.4645684424115115e-17,True
eurosat,5,stage2,42,resnet50_satlas-rgb_rgb3,swin_b_satlas-rgb_rgb3,2.295357770721563e-22,624,190,434,False,641,397,207,0.2490974729241877,False,6.6565375350925324e-21,True
eurosat,5,stage2,42,resnet50_satlas-rgb_rgb3,swin_b_scratch_ms9,2.6553401958942567e-71,1118,858,260,False,641,1239,381,0.2541694462975317,False,8.231554607272196e-70,True
eurosat,5,stage2,42,resnet50_scratch_ms9,swin_b_imagenet_ms9,4.1664319227708525e-126,1219,192,1027,False,1310,475,283,0.18841544607190414,False,1.666572769108341e-124,True
eurosat,5,stage2,42,resnet50_scratch_ms9,swin_b_imagenet_rgb3,1.5556976560982442e-124,1214,193,1021,False,1310,482,289,0.19228210246174318,False,6.067220858783152e-123,True
eurosat,5,stage2,42,resnet50_scratch_ms9,swin_b_satlas-ms_ms9,1.2412201822755282e-151,1209,148,1061,False,1310,397,249,0.17078189300411523,False,5.585490820239876e-150,True
eurosat,5,stage2,42,resnet50_scratch_ms9,swin_b_satlas-rgb_rgb3,1.8336828776105957e-145,1261,174,1087,False,1310,397,223,0.15026954177897575,False,7.884836373725562e-144,True
eurosat,5,stage2,42,resnet50_scratch_ms9,swin_b_scratch_ms9,0.0156632799598462,839,384,455,False,1310,1239,855,0.5047225501770957,False,0.1253062396787696,False
eurosat,5,stage2,42,swin_b_imagenet_ms9,swin_b_imagenet_rgb3,0.8103302566044083,625,316,309,False,475,482,166,0.20986093552465235,False,1.0,False
eurosat,5,stage2,42,swin_b_imagenet_ms9,swin_b_satlas-ms_ms9,0.0013350666425591135,576,249,327,False,475,397,148,0.20441988950276244,False,0.014685733068150249,True
eurosat,5,stage2,42,swin_b_imagenet_ms9,swin_b_satlas-rgb_rgb3,0.0008618835931700395,534,228,306,False,475,397,169,0.24039829302987198,False,0.010342603118040474,True
eurosat,5,stage2,42,swin_b_imagenet_ms9,swin_b_scratch_ms9,2.2150585729670176e-118,1088,926,162,False,475,1239,313,0.22341184867951464,False,8.195716719977965e-117,True
eurosat,5,stage2,42,swin_b_imagenet_rgb3,swin_b_satlas-ms_ms9,0.0003455450175697628,551,233,318,False,482,397,164,0.22937062937062938,False,0.004837630245976679,True
eurosat,5,stage2,42,swin_b_imagenet_rgb3,swin_b_satlas-rgb_rgb3,0.00039041025699120625,561,238,323,False,482,397,159,0.22083333333333333,False,0.005075333340885681,True
eurosat,5,stage2,42,swin_b_imagenet_rgb3,swin_b_scratch_ms9,6.71959676211978e-107,1185,971,214,False,482,1239,268,0.18444597384721267,False,2.419054834363121e-105,True
eurosat,5,stage2,42,swin_b_satlas-ms_ms9,swin_b_satlas-rgb_rgb3,0.9648864327225372,516,258,258,False,397,397,139,0.21221374045801528,False,1.0,False
eurosat,5,stage2,42,swin_b_satlas-ms_ms9,swin_b_scratch_ms9,8.648741365407558e-149,1048,945,103,False,397,1239,294,0.21907600596125187,False,3.8054462007793254e-147,True
eurosat,5,stage2,42,swin_b_satlas-rgb_rgb3,swin_b_scratch_ms9,4.4635736853224785e-135,1156,999,157,False,397,1239,240,0.17191977077363896,False,1.830065210982216e-133,True
eurosat,10,stage2,42,resnet50_imagenet_ms9,resnet50_imagenet_rgb3,0.0014118766927105073,552,238,314,False,523,447,209,0.27463863337713534,False,0.012706890234394565,True
eurosat,10,stage2,42,resnet50_imagenet_ms9,resnet50_satlas-ms_ms9,1.1321355502217776e-05,594,243,351,False,523,415,172,0.2245430809399478,False,0.00012453491052439553,True
eurosat,10,stage2,42,resnet50_imagenet_ms9,resnet50_satlas-rgb_rgb3,0.0006835512959903352,583,250,333,False,523,440,190,0.24579560155239327,False,0.006835512959903352,True
eurosat,10,stage2,42,resnet50_imagenet_ms9,resnet50_scratch_ms9,3.167309540389378e-88,1059,854,205,False,523,1172,318,0.23093681917211328,False,1.0452121483284949e-86,True
eurosat,10,stage2,42,resnet50_imagenet_ms9,swin_b_imagenet_ms9,1.8031414626607236e-30,494,119,375,False,523,267,148,0.23052959501557632,False,5.048796095450026e-29,True
eurosat,10,stage2,42,resnet50_imagenet_ms9,swin_b_imagenet_rgb3,1.7387376987056294e-19,541,165,376,False,523,312,147,0.2136627906976744,False,3.9990967070229475e-18,True
eurosat,10,stage2,42,resnet50_imagenet_ms9,swin_b_satlas-ms_ms9,5.568882531253399e-41,521,107,414,False,523,216,109,0.173015873015873,False,1.6149759340634856e-39,True
eurosat,10,stage2,42,resnet50_imagenet_ms9,swin_b_satlas-rgb_rgb3,6.8217933982194e-29,535,138,397,False,523,264,126,0.19062027231467474,False,1.8418842175192383e-27,True
eurosat,10,stage2,42,resnet50_imagenet_ms9,swin_b_scratch_ms9,6.498725762883113e-60,999,758,241,False,523,1040,282,0.22014051522248243,False,1.949617728864934e-58,True
eurosat,10,stage2,42,resnet50_imagenet_rgb3,resnet50_satlas-ms_ms9,0.17648275202689861,526,247,279,False,447,415,168,0.2420749279538905,False,0.7059310081075945,False
eurosat,10,stage2,42,resnet50_imagenet_rgb3,resnet50_satlas-rgb_rgb3,0.7906825622567484,511,252,259,False,447,440,188,0.26895565092989987,False,1.0,False
eurosat,10,stage2,42,resnet50_imagenet_rgb3,resnet50_scratch_ms9,4.4945707024619213e-107,1085,905,180,False,447,1172,267,0.19748520710059173,False,1.5730997458616724e-105,True
eurosat,10,stage2,42,resnet50_imagenet_rgb3,swin_b_imagenet_ms9,1.2923639496174736e-16,468,144,324,False,447,267,123,0.20812182741116753,False,2.584727899234947e-15,True
eurosat,10,stage2,42,resnet50_imagenet_rgb3,swin_b_imagenet_rgb3,8.492460298605694e-10,477,171,306,False,447,312,141,0.22815533980582525,False,1.3587936477769111e-08,True
eurosat,10,stage2,42,resnet50_imagenet_rgb3,swin_b_satlas-ms_ms9,2.474057188583307e-27,451,110,341,False,447,216,106,0.19030520646319568,False,6.432548690316598e-26,True
eurosat,10,stage2,42,resnet50_imagenet_rgb3,swin_b_satlas-rgb_rgb3,7.414900937243138e-18,447,132,315,False,447,264,132,0.22797927461139897,False,1.6312782061934904e-16,True
eurosat,10,stage2,42,resnet50_imagenet_rgb3,swin_b_scratch_ms9,4.942857124298e-84,929,761,168,False,447,1040,279,0.23096026490066227,False,1.53228570853238e-82,True
eurosat,10,stage2,42,resnet50_satlas-ms_ms9,resnet50_satlas-rgb_rgb3,0.27973909051438595,493,259,234,False,415,440,181,0.2685459940652819,False,0.8392172715431578,False
eurosat,10,stage2,42,resnet50_satlas-ms_ms9,resnet50_scratch_ms9,3.462549190573142e-126,1001,879,122,False,415,1172,293,0.22642967542503864,False,1.315768692417794e-124,True
eurosat,10,stage2,42,resnet50_satlas-ms_ms9,swin_b_imagenet_ms9,1.7726010469275834e-11,478,165,313,False,415,267,102,0.17586206896551723,False,3.013421779776892e-10,True
eurosat,10,stage2,42,resnet50_satlas-ms_ms9,swin_b_imagenet_rgb3,8.190284946074314e-06,523,210,313,False,415,312,102,0.1632,False,9.828341935289177e-05,True
eurosat,10,stage2,42,resnet50_satlas-ms_ms9,swin_b_satlas-ms_ms9,9.258872499177186e-21,449,125,324,False,415,216,91,0.1685185185185185,False,2.2221293998025245e-19,True
eurosat,10,stage2,42,resnet50_satlas-ms_ms9,swin_b_satlas-rgb_rgb3,1.820106696951913e-12,453,151,302,False,415,264,113,0.19964664310954064,False,3.276192054513444e-11,True
eurosat,10,stage2,42,resnet50_satlas-ms_ms9,swin_b_scratch_ms9,1.5181517376305171e-93,925,775,150,False,415,1040,265,0.22268907563025211,False,5.1617159079437584e-92,True
eurosat,10,stage2,42,resnet50_satlas-rgb_rgb3,resnet50_scratch_ms9,1.8587829118421343e-118,998,865,133,False,440,1172,307,0.23524904214559386,False,6.691618482631684e-117,True
eurosat,10,stage2,42,resnet50_satlas-rgb_rgb3,swin_b_imagenet_ms9,1.9497460954661916e-14,505,166,339,False,440,267,101,0.16666666666666666,False,3.704517581385764e-13,True
eurosat,10,stage2,42,resnet50_satlas-rgb_rgb3,swin_b_imagenet_rgb3,8.976226791757364e-09,488,180,308,False,440,312,132,0.2129032258064516,False,1.3464340187636045e-07,True
eurosat,10,stage2,42,resnet50_satlas-rgb_rgb3,swin_b_satlas-ms_ms9,3.0724749046420255e-24,482,129,353,False,440,216,87,0.15289982425307558,False,7.681187261605064e-23,True
eurosat,10,stage2,42,resnet50_satlas-rgb_rgb3,swin_b_satlas-rgb_rgb3,1.3524126697562258e-17,420,122,298,False,440,264,142,0.2526690391459075,False,2.840066606488074e-16,True
eurosat,10,stage2,42,resnet50_satlas-rgb_rgb3,swin_b_scratch_ms9,1.7833190014006828e-84,946,773,173,False,440,1040,267,0.2201154163231657,False,5.706620804482185e-83,True
eurosat,10,stage2,42,resnet50_scratch_ms9,swin_b_imagenet_ms9,5.3939626108102834e-160,1125,110,1015,False,1172,267,157,0.12246489859594384,False,2.319403922648422e-158,True
eurosat,10,stage2,42,resnet50_scratch_ms9,swin_b_imagenet_rgb3,2.796474682562554e-144,1128,134,994,False,1172,312,178,0.1362940275650842,False,1.1465546198506472e-142,True
eurosat,10,stage2,42,resnet50_scratch_ms9,swin_b_satlas-ms_ms9,4.180909425743453e-179,1120,82,1038,False,1172,216,134,0.10685805422647528,False,1.881409241584554e-177,True
eurosat,10,stage2,42,resnet50_scratch_ms9,swin_b_satlas-rgb_rgb3,5.914587948898147e-165,1098,95,1003,False,1172,264,169,0.13338595106550907,False,2.6024186975151846e-163,True
eurosat,10,stage2,42,resnet50_scratch_ms9,swin_b_scratch_ms9,1.7786037851310846e-06,752,310,442,False,1172,1040,730,0.4925775978407557,False,2.381566793765196e-05,True
eurosat,10,stage2,42,swin_b_imagenet_ms9,swin_b_imagenet_rgb3,0.016537471325646508,337,191,146,False,267,312,121,0.26419213973799127,False,0.08268735662823254,False
eurosat,10,stage2,42,swin_b_imagenet_ms9,swin_b_satlas-ms_ms9,0.004980693437293943,317,133,184,False,267,216,83,0.2075,False,0.0373470757183085,True
eurosat,10,stage2,42,swin_b_imagenet_ms9,swin_b_satlas-rgb_rgb3,0.9127271461088795,333,165,168,False,267,264,99,0.22916666666666666,False,1.0,False
eurosat,10,stage2,42,swin_b_imagenet_ms9,swin_b_scratch_ms9,2.454215706125489e-133,987,880,107,False,267,1040,160,0.13949433304272013,False,9.571441253889406e-132,True
eurosat,10,stage2,42,swin_b_imagenet_rgb3,swin_b_satlas-ms_ms9,1.7011191384037114e-06,394,149,245,False,312,216,67,0.14533622559652928,False,2.381566793765196e-05,True
eurosat,10,stage2,42,swin_b_imagenet_rgb3,swin_b_satlas-rgb_rgb3,0.013759965325104132,364,158,206,False,312,264,106,0.225531914893617,False,0.0825597919506248,False
eurosat,10,stage2,42,swin_b_imagenet_rgb3,swin_b_scratch_ms9,5.296816142911004e-121,966,847,119,False,312,1040,193,0.16652286453839515,False,1.9598219728770716e-119,True
eurosat,10,stage2,42,swin_b_satlas-ms_ms9,swin_b_satlas-rgb_rgb3,0.004668384464788563,276,162,114,False,216,264,102,0.2698412698412698,False,0.0373470757183085,True
eurosat,10,stage2,42,swin_b_satlas-ms_ms9,swin_b_scratch_ms9,8.039342552104688e-155,964,894,70,False,216,1040,146,0.13153153153153152,False,3.3765238718839687e-153,True
eurosat,10,stage2,42,swin_b_satlas-rgb_rgb3,swin_b_scratch_ms9,5.8649819778727e-134,990,883,107,False,264,1040,157,0.13687881429816914,False,2.3459927911490798e-132,True
eurosat,25,stage2,42,resnet50_imagenet_ms9,resnet50_imagenet_rgb3,0.14095285633843216,388,179,209,False,304,274,95,0.19668737060041408,False,0.7047642816921608,False
eurosat,25,stage2,42,resnet50_imagenet_ms9,resnet50_satlas-ms_ms9,0.0006984361709277978,379,156,223,False,304,237,81,0.17608695652173914,False,0.008381234051133574,True
eurosat,25,stage2,42,resnet50_imagenet_ms9,resnet50_satlas-rgb_rgb3,0.5966405346973952,432,210,222,False,304,292,82,0.15953307392996108,False,1.0,False
eurosat,25,stage2,42,resnet50_imagenet_ms9,resnet50_scratch_ms9,7.660413386451077e-79,819,679,140,False,304,843,164,0.16683621566632756,False,2.298124015935323e-77,True
eurosat,25,stage2,42,resnet50_imagenet_ms9,swin_b_imagenet_ms9,4.037578892375083e-11,314,98,216,False,304,186,88,0.21890547263681592,False,8.882673563225184e-10,True
eurosat,25,stage2,42,resnet50_imagenet_ms9,swin_b_imagenet_rgb3,1.4325672308220804e-17,330,87,243,False,304,148,61,0.15601023017902813,False,3.581418077055201e-16,True
eurosat,25,stage2,42,resnet50_imagenet_ms9,swin_b_satlas-ms_ms9,1.0042220149888283e-31,300,48,252,False,304,100,52,0.14772727272727273,False,2.912243843467602e-30,True
eurosat,25,stage2,42,resnet50_imagenet_ms9,swin_b_satlas-rgb_rgb3,1.9731752900753933e-09,361,123,238,False,304,189,66,0.15456674473067916,False,3.749033051143247e-08,True
eurosat,25,stage2,42,resnet50_imagenet_ms9,swin_b_scratch_ms9,3.064709000029069e-81,765,647,118,False,304,833,186,0.19558359621451105,False,9.500597900090113e-80,True
eurosat,25,stage2,42,resnet50_imagenet_rgb3,resnet50_satlas-ms_ms9,0.051234633292101026,341,152,189,False,274,237,85,0.19953051643192488,False,0.3074077997526061,False
eurosat,25,stage2,42,resnet50_imagenet_rgb3,resnet50_satlas-rgb_rgb3,0.3780965203314177,372,195,177,False,274,292,97,0.2068230277185501,False,1.0,False
eurosat,25,stage2,42,resnet50_imagenet_rgb3,resnet50_scratch_ms9,1.3693809384996845e-89,801,685,116,False,274,843,158,0.16475495307612095,False,4.655895190898927e-88,True
eurosat,25,stage2,42,resnet50_imagenet_rgb3,swin_b_imagenet_ms9,1.7993482900820213e-06,332,122,210,False,274,186,64,0.16161616161616163,False,2.699022435123032e-05,True
eurosat,25,stage2,42,resnet50_imagenet_rgb3,swin_b_imagenet_rgb3,3.096146149698906e-13,294,84,210,False,274,148,64,0.1787709497206704,False,7.121136144307484e-12,True
eurosat,25,stage2,42,resnet50_imagenet_rgb3,swin_b_satlas-ms_ms9,4.321140366734816e-24,292,59,233,False,274,100,41,0.12312312312312312,False,1.1667078990184002e-22,True
eurosat,25,stage2,42,resnet50_imagenet_rgb3,swin_b_satlas-rgb_rgb3,2.753187312061473e-06,321,118,203,False,274,189,71,0.18112244897959184,False,3.854462236886062e-05,True
eurosat,25,stage2,42,resnet50_imagenet_rgb3,swin_b_scratch_ms9,1.7386693225346376e-85,811,685,126,False,274,833,148,0.1543274244004171,False,5.737608764364304e-84,True
eurosat,25,stage2,42,resnet50_satlas-ms_ms9,resnet50_satlas-rgb_rgb3,0.002056543613489601,307,181,126,False,237,292,111,0.26555023923444976,False,0.022621979748385607,True
eurosat,25,stage2,42,resnet50_satlas-ms_ms9,resnet50_scratch_ms9,7.314130536332646e-108,752,679,73,False,237,843,164,0.17903930131004367,False,2.706228298443079e-106,True
eurosat,25,stage2,42,resnet50_satlas-ms_ms9,swin_b_imagenet_ms9,0.00444950637254016,309,129,180,False,237,186,57,0.1557377049180328,False,0.0444950637254016,True
eurosat,25,stage2,42,resnet50_satlas-ms_ms9,swin_b_imagenet_rgb3,1.3760134324139107e-07,279,95,184,False,237,148,53,0.15963855421686746,False,2.201621491862257e-06,True
eurosat,25,stage2,42,resnet50_satlas-ms_ms9,swin_b_satlas-ms_ms9,2.675860231680495e-18,243,53,190,False,237,100,47,0.16206896551724137,False,6.957236602369287e-17,True
eurosat,25,stage2,42,resnet50_satlas-ms_ms9,swin_b_satlas-rgb_rgb3,0.004972849997261578,280,116,164,False,237,189,73,0.20679886685552407,False,0.0447556499753542,True
eurosat,25,stage2,42,resnet50_satlas-ms_ms9,swin_b_scratch_ms9,4.796446839855917e-103,762,679,83,False,237,833,154,0.16812227074235808,False,1.7267208623481303e-101,True
eurosat,25,stage2,42,resnet50_satlas-rgb_rgb3,resnet50_scratch_ms9,7.908536830038207e-90,749,650,99,False,292,843,193,0.20488322717622082,False,2.7679878905133724e-88,True
eurosat,25,stage2,42,resnet50_satlas-rgb_rgb3,swin_b_imagenet_ms9,1.6533976858239742e-08,346,120,226,False,292,186,66,0.16019417475728157,False,2.8107760659007563e-07,True
eurosat,25,stage2,42,resnet50_satlas-rgb_rgb3,swin_b_imagenet_rgb3,4.591145672324399e-16,310,83,227,False,292,148,65,0.17333333333333334,False,1.1018749613578558e-14,True
eurosat,25,stage2,42,resnet50_satlas-rgb_rgb3,swin_b_satlas-ms_ms9,1.8684792165327935e-28,298,53,245,False,292,100,47,0.13623188405797101,False,5.231741806291822e-27,True
eurosat,25,stage2,42,resnet50_satlas-rgb_rgb3,swin_b_satlas-rgb_rgb3,3.1830666769562574e-10,263,80,183,False,292,189,109,0.29301075268817206,False,6.684440021608141e-09,True
eurosat,25,stage2,42,resnet50_satlas-rgb_rgb3,swin_b_scratch_ms9,2.139397757154935e-83,779,660,119,False,292,833,173,0.18172268907563024,False,6.846072822895792e-82,True
eurosat,25,stage2,42,resnet50_scratch_ms9,swin_b_imagenet_ms9,1.0710831946199635e-117,809,76,733,False,843,186,110,0.11969532100108814,False,4.284332778479854e-116,True
eurosat,25,stage2,42,resnet50_scratch_ms9,swin_b_imagenet_rgb3,1.1109334383071026e-125,847,76,771,False,843,148,72,0.07834602829162132,False,4.665920440889831e-124,True
eurosat,25,stage2,42,resnet50_scratch_ms9,swin_b_satlas-ms_ms9,3.255529763080913e-148,819,38,781,False,843,100,62,0.07037457434733257,False,1.4324330957556017e-146,True
eurosat,25,stage2,42,resnet50_scratch_ms9,swin_b_satlas-rgb_rgb3,7.956438457191972e-122,774,60,714,False,843,189,129,0.14285714285714285,False,3.2621397674487085e-120,True
eurosat,25,stage2,42,resnet50_scratch_ms9,swin_b_scratch_ms9,0.7260951618325293,660,325,335,False,843,833,508,0.4349315068493151,False,1.0,False
eurosat,25,stage2,42,swin_b_imagenet_ms9,swin_b_imagenet_rgb3,0.011818052741966524,216,89,127,False,186,148,59,0.21454545454545454,False,0.09261722004684753,False
eurosat,25,stage2,42,swin_b_imagenet_ms9,swin_b_satlas-ms_ms9,2.6619925540142502e-09,204,59,145,False,186,100,41,0.1673469387755102,False,4.79158659722565e-08,True
eurosat,25,stage2,42,swin_b_imagenet_ms9,swin_b_satlas-rgb_rgb3,0.9025838126526866,267,135,132,False,186,189,54,0.16822429906542055,False,1.0,False
eurosat,25,stage2,42,swin_b_imagenet_ms9,swin_b_scratch_ms9,4.927774295485492e-115,803,725,78,False,186,833,108,0.11855104281009879,False,1.872554232284487e-113,True
eurosat,25,stage2,42,swin_b_imagenet_rgb3,swin_b_satlas-ms_ms9,0.0004597504763876637,180,66,114,False,148,100,34,0.1588785046728972,False,0.005976756193039628,True
eurosat,25,stage2,42,swin_b_imagenet_rgb3,swin_b_satlas-rgb_rgb3,0.01157715250585594,251,146,105,False,148,189,43,0.14625850340136054,False,0.09261722004684753,False
eurosat,25,stage2,42,swin_b_imagenet_rgb3,swin_b_scratch_ms9,7.361003515284222e-127,815,750,65,False,148,833,83,0.09242761692650334,False,3.1652315115722156e-125,True
eurosat,25,stage2,42,swin_b_satlas-ms_ms9,swin_b_satlas-rgb_rgb3,6.558420777676696e-10,203,146,57,False,100,189,43,0.17479674796747968,False,1.3116841555353393e-08,True
eurosat,25,stage2,42,swin_b_satlas-ms_ms9,swin_b_scratch_ms9,4.379732498980338e-150,787,760,27,False,100,833,73,0.08488372093023255,False,1.970879624541152e-148,True
eurosat,25,stage2,42,swin_b_satlas-rgb_rgb3,swin_b_scratch_ms9,2.0776786925261012e-116,786,715,71,False,189,833,118,0.13053097345132744,False,8.102946900851795e-115,True
eurosat,50,stage2,42,resnet50_imagenet_ms9,resnet50_imagenet_rgb3,0.6429441537548619,228,110,118,False,191,183,73,0.2425249169435216,False,1.0,False
eurosat,50,stage2,42,resnet50_imagenet_ms9,resnet50_satlas-ms_ms9,0.09631738724340337,226,100,126,False,191,165,65,0.22336769759450173,False,0.6941453816310038,False
eurosat,50,stage2,42,resnet50_imagenet_ms9,resnet50_satlas-rgb_rgb3,0.008009942329880018,288,167,121,False,191,237,70,0.19553072625698323,False,0.10412925028844024,False
eurosat,50,stage2,42,resnet50_imagenet_ms9,resnet50_scratch_ms9,2.5004438591397644e-82,642,565,77,False,191,679,114,0.15079365079365079,False,8.001420349247246e-81,True
eurosat,50,stage2,42,resnet50_imagenet_ms9,swin_b_imagenet_ms9,2.5604983605030687e-05,210,74,136,False,191,129,55,0.20754716981132076,False,0.00048649468849558305,True
eurosat,50,stage2,42,resnet50_imagenet_ms9,swin_b_imagenet_rgb3,4.114562281345944e-05,236,86,150,False,191,127,41,0.148014440433213,False,0.00074062121064227,True
eurosat,50,stage2,42,resnet50_imagenet_ms9,swin_b_satlas-ms_ms9,6.197421007390327e-09,219,66,153,False,191,104,38,0.14785992217898833,False,1.5493552518475816e-07,True
eurosat,50,stage2,42,resnet50_imagenet_ms9,swin_b_satlas-rgb_rgb3,2.6679545936247906e-06,216,73,143,False,191,121,48,0.18181818181818182,False,6.136295565337019e-05,True
eurosat,50,stage2,42,resnet50_imagenet_ms9,swin_b_scratch_ms9,1.2195677368864027e-95,700,625,75,False,191,741,116,0.14215686274509803,False,4.268487079102409e-94,True
eurosat,50,stage2,42,resnet50_imagenet_rgb3,resnet50_satlas-ms_ms9,0.26846442307560975,236,109,127,False,183,165,56,0.1917808219178082,False,1.0,False
eurosat,50,stage2,42,resnet50_imagenet_rgb3,resnet50_satlas-rgb_rgb3,0.001106586075163425,264,159,105,False,183,237,78,0.22807017543859648,False,0.016598791127451377,True
eurosat,50,stage2,42,resnet50_imagenet_rgb3,resnet50_scratch_ms9,2.9794582521078605e-85,640,568,72,False,183,679,111,0.1478029294274301,False,9.83221223195594e-84,True
eurosat,50,stage2,42,resnet50_imagenet_rgb3,swin_b_imagenet_ms9,0.0005605738016135268,236,91,145,False,183,129,38,0.1386861313868613,False,0.00896918082581643,True
eurosat,50,stage2,42,resnet50_imagenet_rgb3,swin_b_imagenet_rgb3,0.00017010186696654096,214,79,135,False,183,127,48,0.183206106870229,False,0.002891731738431196,True
eurosat,50,stage2,42,resnet50_imagenet_rgb3,swin_b_satlas-ms_ms9,1.5472362079132727e-07,221,71,150,False,183,104,33,0.12992125984251968,False,3.7133668989918543e-06,True
eurosat,50,stage2,42,resnet50_imagenet_rgb3,swin_b_satlas-rgb_rgb3,1.317712669974487e-05,196,67,129,False,183,121,54,0.216,False,0.00028989678739438715,True
eurosat,50,stage2,42,resnet50_imagenet_rgb3,swin_b_scratch_ms9,7.643183066813365e-98,704,631,73,False,183,741,110,0.13513513513513514,False,2.9044095653890788e-96,True
eurosat,50,stage2,42,resnet50_satlas-ms_ms9,resnet50_satlas-rgb_rgb3,1.4443059117314177e-05,268,170,98,False,165,237,67,0.2,False,0.0003033042414635977,True
eurosat,50,stage2,42,resnet50_satlas-ms_ms9,resnet50_scratch_ms9,7.618205989859143e-93,630,572,58,False,165,679,107,0.1451831750339213,False,2.5901900365521086e-91,True
eurosat,50,stage2,42,resnet50_satlas-ms_ms9,swin_b_imagenet_ms9,0.01622520957013729,212,88,124,False,165,129,41,0.16205533596837945,False,0.1622520957013729,False
eurosat,50,stage2,42,resnet50_satlas-ms_ms9,swin_b_imagenet_rgb3,0.014699148008255001,230,96,134,False,165,127,31,0.11877394636015326,False,0.161690628090805,False
eurosat,50,stage2,42,resnet50_satlas-ms_ms9,swin_b_satlas-ms_ms9,1.9128920177870983e-05,197,68,129,False,165,104,36,0.15450643776824036,False,0.00038257840355741964,True
eurosat,50,stage2,42,resnet50_satlas-ms_ms9,swin_b_satlas-rgb_rgb3,0.0022440334130290262,198,77,121,False,165,121,44,0.18181818181818182,False,0.031416467782406365,True
eurosat,50,stage2,42,resnet50_satlas-ms_ms9,swin_b_scratch_ms9,1.9653122623581927e-104,702,639,63,False,165,741,102,0.12686567164179105,False,7.664717823196951e-103,True
eurosat,50,stage2,42,resnet50_satlas-rgb_rgb3,resnet50_scratch_ms9,3.0941267405402315e-67,648,545,103,False,237,679,134,0.17135549872122763,False,9.282380221620694e-66,True
eurosat,50,stage2,42,resnet50_satlas-rgb_rgb3,swin_b_imagenet_ms9,1.018991584905135e-10,274,83,191,False,237,129,46,0.14375,False,2.649378120753351e-09,True
eurosat,50,stage2,42,resnet50_satlas-rgb_rgb3,swin_b_imagenet_rgb3,5.433464235346428e-12,250,70,180,False,237,127,57,0.18566775244299674,False,1.4670353435435356e-10,True
eurosat,50,stage2,42,resnet50_satlas-rgb_rgb3,swin_b_satlas-ms_ms9,6.569267295415482e-16,267,67,200,False,237,104,37,0.12171052631578948,False,1.9050875156704898e-14,True
eurosat,50,stage2,42,resnet50_satlas-rgb_rgb3,swin_b_satlas-rgb_rgb3,1.810113251286266e-13,244,64,180,False,237,121,57,0.1893687707641196,False,5.068317103601545e-12,True
eurosat,50,stage2,42,resnet50_satlas-rgb_rgb3,swin_b_scratch_ms9,3.7880410296768367e-75,752,628,124,False,237,741,113,0.130635838150289,False,1.1742927191998194e-73,True
eurosat,50,stage2,42,resnet50_scratch_ms9,swin_b_imagenet_ms9,1.88802463398979e-96,694,72,622,False,679,129,57,0.0758988015978695,False,6.796888682363244e-95,True
eurosat,50,stage2,42,resnet50_scratch_ms9,swin_b_imagenet_rgb3,1.081759703871832e-97,690,69,621,False,679,127,58,0.07754010695187166,False,4.002510904325779e-96,True
eurosat,50,stage2,42,resnet50_scratch_ms9,swin_b_satlas-ms_ms9,7.555364164018953e-108,677,51,626,False,679,104,53,0.07260273972602739,False,3.097699307247771e-106,True
eurosat,50,stage2,42,resnet50_scratch_ms9,swin_b_satlas-rgb_rgb3,7.343244739494245e-105,656,49,607,False,679,121,72,0.0989010989010989,False,2.937297895797698e-103,True
eurosat,50,stage2,42,resnet50_scratch_ms9,swin_b_scratch_ms9,0.011454085641401768,582,322,260,False,679,741,419,0.41858141858141856,False,0.1374490276968212,False
eurosat,50,stage2,42,swin_b_imagenet_ms9,swin_b_imagenet_rgb3,0.9365906071613355,158,78,80,False,129,127,49,0.23671497584541062,False,1.0,False
eurosat,50,stage2,42,swin_b_imagenet_ms9,swin_b_satlas-ms_ms9,0.06328615274160702,167,71,96,False,129,104,33,0.165,False,0.5695753746744632,False
eurosat,50,stage2,42,swin_b_imagenet_ms9,swin_b_satlas-rgb_rgb3,0.5891544654500582,168,80,88,False,129,121,41,0.19617224880382775,False,1.0,False
eurosat,50,stage2,42,swin_b_imagenet_ms9,swin_b_scratch_ms9,1.55682946446969e-113,728,670,58,False,129,741,71,0.08886107634543179,False,6.694366697219666e-112,True
eurosat,50,stage2,42,swin_b_imagenet_rgb3,swin_b_satlas-ms_ms9,0.08676817270387548,165,71,94,False,127,104,33,0.16666666666666666,False,0.6941453816310038,False
eurosat,50,stage2,42,swin_b_imagenet_rgb3,swin_b_satlas-rgb_rgb3,0.6926327840419602,160,77,83,False,127,121,44,0.21568627450980393,False,1.0,False
eurosat,50,stage2,42,swin_b_imagenet_rgb3,swin_b_scratch_ms9,8.04302294350052e-110,758,686,72,False,127,741,55,0.06765067650676507,False,3.378069636270218e-108,True
eurosat,50,stage2,42,swin_b_satlas-ms_ms9,swin_b_satlas-rgb_rgb3,0.18993511837103555,149,83,66,False,104,121,38,0.20320855614973263,False,1.0,False
eurosat,50,stage2,42,swin_b_satlas-ms_ms9,swin_b_scratch_ms9,5.041503613851091e-124,721,679,42,False,104,741,62,0.07918263090676884,False,2.268676626232991e-122,True
eurosat,50,stage2,42,swin_b_satlas-rgb_rgb3,swin_b_scratch_ms9,1.0148115942338744e-118,714,667,47,False,121,741,74,0.09390862944162437,False,4.465171014629047e-117,True
eurosat,100,stage2,42,resnet50_imagenet_ms9,resnet50_imagenet_rgb3,0.305938540538878,187,101,86,False,137,152,51,0.21428571428571427,False,1.0,False
eurosat,100,stage2,42,resnet50_imagenet_ms9,resnet50_satlas-ms_ms9,0.8866897393567404,197,100,97,False,137,140,40,0.16877637130801687,False,1.0,False
eurosat,100,stage2,42,resnet50_imagenet_ms9,resnet50_satlas-rgb_rgb3,0.001180544750479526,219,134,85,False,137,186,52,0.1918819188191882,False,0.016527626506713362,True
eurosat,100,stage2,42,resnet50_imagenet_ms9,resnet50_scratch_ms9,1.273982433629596e-83,586,528,58,False,137,607,79,0.11879699248120301,False,4.204142030977667e-82,True
eurosat,100,stage2,42,resnet50_imagenet_ms9,swin_b_imagenet_ms9,0.003928553562918825,139,52,87,False,137,102,50,0.26455026455026454,False,0.04321408919210707,True
eurosat,100,stage2,42,resnet50_imagenet_ms9,swin_b_imagenet_rgb3,4.481586893155195e-06,149,46,103,False,137,80,34,0.18579234972677597,False,8.066856407679352e-05,True
eurosat,100,stage2,42,resnet50_imagenet_ms9,swin_b_satlas-ms_ms9,2.04034094141228e-08,147,39,108,False,137,68,29,0.16477272727272727,False,4.488750071107016e-07,True
eurosat,100,stage2,42,resnet50_imagenet_ms9,swin_b_satlas-rgb_rgb3,0.00048405729033518415,159,57,102,False,137,92,35,0.18041237113402062,False,0.007260859355027762,True
eurosat,100,stage2,42,resnet50_imagenet_ms9,swin_b_scratch_ms9,2.1213111446452008e-110,689,638,51,False,137,724,86,0.11096774193548387,False,8.697375693045324e-109,True
eurosat,100,stage2,42,resnet50_imagenet_rgb3,resnet50_satlas-ms_ms9,0.4412085195058775,204,96,108,False,152,140,44,0.1774193548387097,False,1.0,False
eurosat,100,stage2,42,resnet50_imagenet_rgb3,resnet50_satlas-rgb_rgb3,0.0208625823327655,204,119,85,False,152,186,67,0.24723247232472326,False,0.166900658662124,False
eurosat,100,stage2,42,resnet50_imagenet_rgb3,resnet50_scratch_ms9,2.559611378756368e-77,595,525,70,False,152,607,82,0.12112259970457903,False,7.93479527414474e-76,True
eurosat,100,stage2,42,resnet50_imagenet_rgb3,swin_b_imagenet_ms9,0.0003034604723520405,184,67,117,False,152,102,35,0.1598173515981735,False,0.005158828029984688,True
eurosat,100,stage2,42,resnet50_imagenet_rgb3,swin_b_imagenet_rgb3,3.285315519827203e-09,144,36,108,False,152,80,44,0.23404255319148937,False,8.213288799568008e-08,True
eurosat,100,stage2,42,resnet50_imagenet_rgb3,swin_b_satlas-ms_ms9,1.517662951839958e-10,168,42,126,False,152,68,26,0.13402061855670103,False,3.945923674783891e-09,True
eurosat,100,stage2,42,resnet50_imagenet_rgb3,swin_b_satlas-rgb_rgb3,4.082726755311135e-06,164,52,112,False,152,92,40,0.19607843137254902,False,7.757180835091156e-05,True
eurosat,100,stage2,42,resnet50_imagenet_rgb3,swin_b_scratch_ms9,1.1367359440444111e-99,726,649,77,False,152,724,75,0.09363295880149813,False,4.3195965873687626e-98,True
eurosat,100,stage2,42,resnet50_satlas-ms_ms9,resnet50_satlas-rgb_rgb3,0.001900893250446667,210,128,82,False,140,186,58,0.21641791044776118,False,0.022810719005360004,True
eurosat,100,stage2,42,resnet50_satlas-ms_ms9,resnet50_scratch_ms9,4.305730254529839e-81,597,532,65,False,140,607,75,0.11160714285714286,False,1.3778336814495484e-79,True
eurosat,100,stage2,42,resnet50_satlas-ms_ms9,swin_b_imagenet_ms9,0.005549652379429616,178,70,108,False,140,102,32,0.1523809523809524,False,0.055496523794296156,False
eurosat,100,stage2,42,resnet50_satlas-ms_ms9,swin_b_imagenet_rgb3,3.0957968771615077e-06,160,50,110,False,140,80,30,0.15789473684210525,False,6.191593754323015e-05,True
eurosat,100,stage2,42,resnet50_satlas-ms_ms9,swin_b_satlas-ms_ms9,3.285315519827203e-09,144,36,108,False,140,68,32,0.18181818181818182,False,8.213288799568008e-08,True
eurosat,100,stage2,42,resnet50_satlas-ms_ms9,swin_b_satlas-rgb_rgb3,0.00031247106081755806,170,61,109,False,140,92,31,0.15422885572139303,False,0.005158828029984688,True
eurosat,100,stage2,42,resnet50_satlas-ms_ms9,swin_b_scratch_ms9,1.2635243401300294e-101,742,663,79,False,140,724,61,0.0759651307596513,False,4.927744926507115e-100,True
eurosat,100,stage2,42,resnet50_satlas-rgb_rgb3,resnet50_scratch_ms9,7.503006103324802e-72,549,485,64,False,186,607,122,0.18181818181818182,False,2.2509018309974406e-70,True
eurosat,100,stage2,42,resnet50_satlas-rgb_rgb3,swin_b_imagenet_ms9,1.19482181696772e-08,212,64,148,False,186,102,38,0.152,False,2.748090179025756e-07,True
eurosat,100,stage2,42,resnet50_satlas-rgb_rgb3,swin_b_imagenet_rgb3,1.1310313266887142e-13,200,47,153,False,186,80,33,0.14163090128755365,False,3.1668877147284e-12,True
eurosat,100,stage2,42,resnet50_satlas-rgb_rgb3,swin_b_satlas-ms_ms9,2.7657231621518037e-18,180,31,149,False,186,68,37,0.17050691244239632,False,8.020597170240231e-17,True
eurosat,100,stage2,42,resnet50_satlas-rgb_rgb3,swin_b_satlas-rgb_rgb3,2.3808188093172078e-12,176,41,135,False,186,92,51,0.22466960352422907,False,6.428210785156461e-11,True
eurosat,100,stage2,42,resnet50_satlas-rgb_rgb3,swin_b_scratch_ms9,2.520087681040507e-90,710,624,86,False,186,724,100,0.12345679012345678,False,8.568298115537724e-89,True
eurosat,100,stage2,42,resnet50_scratch_ms9,swin_b_imagenet_ms9,4.077075562058624e-92,613,54,559,False,607,102,48,0.07261724659606657,False,1.4269764467205184e-90,True
eurosat,100,stage2,42,resnet50_scratch_ms9,swin_b_imagenet_rgb3,1.5909820789237675e-99,617,45,572,False,607,80,35,0.05368098159509203,False,5.88663369201794e-98,True
eurosat,100,stage2,42,resnet50_scratch_ms9,swin_b_satlas-ms_ms9,9.56576049280865e-107,601,31,570,False,607,68,37,0.05799373040752351,False,3.82630419712346e-105,True
eurosat,100,stage2,42,resnet50_scratch_ms9,swin_b_satlas-rgb_rgb3,6.358649041316967e-98,599,42,557,False,607,92,50,0.07704160246533127,False,2.289113654874108e-96,True
eurosat,100,stage2,42,resnet50_scratch_ms9,swin_b_scratch_ms9,1.755598096657972e-06,589,353,236,False,607,724,371,0.38645833333333335,False,3.686756002981741e-05,True
eurosat,100,stage2,42,swin_b_imagenet_ms9,swin_b_imagenet_rgb3,0.0375888812610745,102,40,62,False,102,80,40,0.28169014084507044,False,0.2631221688275215,False
eurosat,100,stage2,42,swin_b_imagenet_ms9,swin_b_satlas-ms_ms9,0.0013494833670474632,106,36,70,False,102,68,32,0.2318840579710145,False,0.017543283771617024,True
eurosat,100,stage2,42,swin_b_imagenet_ms9,swin_b_satlas-rgb_rgb3,0.4226780741706353,126,58,68,False,102,92,34,0.2125,False,1.0,False
eurosat,100,stage2,42,swin_b_imagenet_ms9,swin_b_scratch_ms9,3.879551302096352e-120,710,666,44,False,102,724,58,0.07552083333333333,False,1.6294115468804679e-118,True
eurosat,100,stage2,42,swin_b_imagenet_rgb3,swin_b_satlas-ms_ms9,0.2615722360139462,96,42,54,False,80,68,26,0.21311475409836064,False,1.0,False
eurosat,100,stage2,42,swin_b_imagenet_rgb3,swin_b_satlas-rgb_rgb3,0.2853336023493621,106,59,47,False,80,92,33,0.23741007194244604,False,1.0,False
eurosat,100,stage2,42,swin_b_imagenet_rgb3,swin_b_scratch_ms9,1.5878369539018014e-125,728,686,42,False,80,724,38,0.04960835509138381,False,6.9864825971679265e-124,True
eurosat,100,stage2,42,swin_b_satlas-ms_ms9,swin_b_satlas-rgb_rgb3,0.010126539818322088,80,52,28,False,68,92,40,0.3333333333333333,False,0.0911388583648988,False
eurosat,100,stage2,42,swin_b_satlas-ms_ms9,swin_b_scratch_ms9,1.981974264483442e-133,710,683,27,False,68,724,41,0.05459387483355526,False,8.918884190175489e-132,True
eurosat,100,stage2,42,swin_b_satlas-rgb_rgb3,swin_b_scratch_ms9,1.1523294783209014e-124,706,669,37,False,92,724,55,0.07227332457293036,False,4.955016756779876e-123,True
eurosat,full,stage2,42,resnet50_imagenet_ms9,resnet50_imagenet_rgb3,0.1698105050855175,26,17,9,False,30,38,21,0.44680851063829785,False,1.0,False
eurosat,full,stage2,42,resnet50_imagenet_ms9,resnet50_satlas-ms_ms9,0.21003961563110352,23,8,15,True,30,23,15,0.39473684210526316,False,1.0,False
eurosat,full,stage2,42,resnet50_imagenet_ms9,resnet50_satlas-rgb_rgb3,0.12271259472816963,34,22,12,False,30,40,18,0.34615384615384615,False,1.0,False
eurosat,full,stage2,42,resnet50_imagenet_ms9,resnet50_scratch_ms9,0.0003922056222790599,58,43,15,False,30,58,15,0.2054794520547945,False,0.012158374290650857,True
eurosat,full,stage2,42,resnet50_imagenet_ms9,swin_b_imagenet_ms9,0.5412561893463135,24,10,14,True,30,26,16,0.4,False,1.0,False
eurosat,full,stage2,42,resnet50_imagenet_ms9,swin_b_imagenet_rgb3,0.07755616674366539,26,8,18,False,30,20,12,0.3157894736842105,False,1.0,False
eurosat,full,stage2,42,resnet50_imagenet_ms9,swin_b_satlas-ms_ms9,0.0931396484375,23,7,16,True,30,21,14,0.3783783783783784,False,1.0,False
eurosat,full,stage2,42,resnet50_imagenet_ms9,swin_b_satlas-rgb_rgb3,0.4048728942871094,23,9,14,True,30,25,16,0.41025641025641024,False,1.0,False
eurosat,full,stage2,42,resnet50_imagenet_ms9,swin_b_scratch_ms9,3.022955470136017e-12,95,82,13,False,30,99,17,0.15178571428571427,False,1.2091821880544068e-10,True
eurosat,full,stage2,42,resnet50_imagenet_rgb3,resnet50_satlas-ms_ms9,0.014806109127348454,33,9,24,False,38,23,14,0.2978723404255319,False,0.3553466190563629,False
eurosat,full,stage2,42,resnet50_imagenet_rgb3,resnet50_satlas-rgb_rgb3,0.8801684549067255,44,23,21,False,38,40,17,0.2786885245901639,False,1.0,False
eurosat,full,stage2,42,resnet50_imagenet_rgb3,resnet50_scratch_ms9,0.017548950191476703,64,42,22,False,38,58,16,0.2,False,0.40362585440396415,False
eurosat,full,stage2,42,resnet50_imagenet_rgb3,swin_b_imagenet_ms9,0.0592297037272794,34,11,23,False,38,26,15,0.30612244897959184,False,1.0,False
eurosat,full,stage2,42,resnet50_imagenet_rgb3,swin_b_imagenet_rgb3,0.0013149446697132139,28,5,23,False,38,20,15,0.3488372093023256,False,0.03944834009139642,True
eurosat,full,stage2,42,resnet50_imagenet_rgb3,swin_b_satlas-ms_ms9,0.0013742758758316976,25,4,21,False,38,21,17,0.40476190476190477,False,0.03985400039911923,True
eurosat,full,stage2,42,resnet50_imagenet_rgb3,swin_b_satlas-rgb_rgb3,0.010622024536132812,23,5,18,True,38,25,20,0.46511627906976744,False,0.2655506134033203,False
eurosat,full,stage2,42,resnet50_imagenet_rgb3,swin_b_scratch_ms9,1.1145505448233331e-09,97,79,18,False,38,99,20,0.17094017094017094,False,4.3467471248109995e-08,True
eurosat,full,stage2,42,resnet50_satlas-ms_ms9,resnet50_satlas-rgb_rgb3,0.00684085843582897,35,26,9,False,23,40,14,0.2857142857142857,False,0.17786231933155322,False
eurosat,full,stage2,42,resnet50_satlas-ms_ms9,resnet50_scratch_ms9,6.68716901330911e-06,57,46,11,False,23,58,12,0.17391304347826086,False,0.00023405091546581884,True
eurosat,full,stage2,42,resnet50_satlas-ms_ms9,swin_b_imagenet_ms9,0.6776394844055176,23,13,10,True,23,26,13,0.3611111111111111,False,1.0,False
eurosat,full,stage2,42,resnet50_satlas-ms_ms9,swin_b_imagenet_rgb3,0.6636238098144531,21,9,12,True,23,20,11,0.34375,False,1.0,False
eurosat,full,stage2,42,resnet50_satlas-ms_ms9,swin_b_satlas-ms_ms9,0.8318119049072266,22,10,12,True,23,21,11,0.3333333333333333,False,1.0,False
eurosat,full,stage2,42,resnet50_satlas-ms_ms9,swin_b_satlas-rgb_rgb3,0.8388197422027588,24,13,11,True,23,25,12,0.3333333333333333,False,1.0,False
eurosat,full,stage2,42,resnet50_satlas-ms_ms9,swin_b_scratch_ms9,6.092283349777829e-16,86,81,5,False,23,99,18,0.17307692307692307,False,2.6806046739022447e-14,True
eurosat,full,stage2,42,resnet50_satlas-rgb_rgb3,resnet50_scratch_ms9,0.051172097975109264,76,47,29,False,40,58,11,0.12643678160919541,False,1.0,False
eurosat,full,stage2,42,resnet50_satlas-rgb_rgb3,swin_b_imagenet_ms9,0.04486227115291488,42,14,28,False,40,26,12,0.2222222222222222,False,0.9421076942112124,False
eurosat,full,stage2,42,resnet50_satlas-rgb_rgb3,swin_b_imagenet_rgb3,0.0015419695689399518,36,8,28,False,40,20,12,0.25,False,0.04317514793031865,True
eurosat,full,stage2,42,resnet50_satlas-rgb_rgb3,swin_b_satlas-ms_ms9,0.00394775185690346,39,10,29,False,40,21,11,0.22,False,0.10658930013639342,False
eurosat,full,stage2,42,resnet50_satlas-rgb_rgb3,swin_b_satlas-rgb_rgb3,0.021358540433834634,37,11,26,False,40,25,14,0.27450980392156865,False,0.46988788954436195,False
eurosat,full,stage2,42,resnet50_satlas-rgb_rgb3,swin_b_scratch_ms9,6.35448937503137e-08,115,87,28,False,40,99,12,0.09448818897637795,False,2.4147059625119206e-06,True
eurosat,full,stage2,42,resnet50_scratch_ms9,swin_b_imagenet_ms9,6.278731906213276e-05,60,14,46,False,58,26,12,0.16666666666666666,False,0.0020091942099882483,True
eurosat,full,stage2,42,resnet50_scratch_ms9,swin_b_imagenet_rgb3,1.7821350895068977e-06,60,11,49,False,58,20,9,0.13043478260869565,False,6.593899831175522e-05,True
eurosat,full,stage2,42,resnet50_scratch_ms9,swin_b_satlas-ms_ms9,1.8577178654552249e-06,57,10,47,False,58,21,11,0.16176470588235295,False,6.68778431563881e-05,True
eurosat,full,stage2,42,resnet50_scratch_ms9,swin_b_satlas-rgb_rgb3,3.099293441045215e-05,59,13,46,False,58,25,12,0.16901408450704225,False,0.001053759769955373,True
eurosat,full,stage2,42,resnet50_scratch_ms9,swin_b_scratch_ms9,4.062195589053589e-05,95,68,27,False,58,99,31,0.24603174603174602,False,0.0013405245443876843,True
eurosat,full,stage2,42,swin_b_imagenet_ms9,swin_b_imagenet_rgb3,0.28627872467041016,22,8,14,True,26,20,12,0.35294117647058826,False,1.0,False
eurosat,full,stage2,42,swin_b_imagenet_ms9,swin_b_satlas-ms_ms9,0.38331031799316406,21,8,13,True,26,21,13,0.38235294117647056,False,1.0,False
eurosat,full,stage2,42,swin_b_imagenet_ms9,swin_b_satlas-rgb_rgb3,1.0,21,10,11,True,26,25,15,0.4166666666666667,False,1.0,False
eurosat,full,stage2,42,swin_b_imagenet_ms9,swin_b_scratch_ms9,2.3116681350585372e-14,89,81,8,False,26,99,18,0.16822429906542055,False,9.709006167245857e-13,True
eurosat,full,stage2,42,swin_b_imagenet_rgb3,swin_b_satlas-ms_ms9,1.0,19,10,9,True,20,21,11,0.36666666666666664,False,1.0,False
eurosat,full,stage2,42,swin_b_imagenet_rgb3,swin_b_satlas-rgb_rgb3,0.2265625,11,8,3,True,20,25,17,0.6071428571428571,False,1.0,False
eurosat,full,stage2,42,swin_b_imagenet_rgb3,swin_b_scratch_ms9,2.3808414889733523e-15,97,88,9,False,20,99,11,0.10185185185185185,False,1.0237618402585415e-13,True
eurosat,full,stage2,42,swin_b_satlas-ms_ms9,swin_b_satlas-rgb_rgb3,0.480682373046875,18,11,7,True,21,25,14,0.4375,False,1.0,False
eurosat,full,stage2,42,swin_b_satlas-ms_ms9,swin_b_scratch_ms9,1.8439103710969497e-17,82,80,2,False,21,99,19,0.18811881188118812,False,8.297596669936274e-16,True
eurosat,full,stage2,42,swin_b_satlas-rgb_rgb3,swin_b_scratch_ms9,5.0983728344386775e-14,94,84,10,False,25,99,15,0.13761467889908258,False,2.0903328621198577e-12,True
resisc45,5,stage2,42,resnet50_imagenet_rgb3,resnet50_satlas-rgb_rgb3,2.1725859465353563e-130,1735,1374,361,False,1793,2806,1432,0.4521629302178718,False,2.389844541188892e-129,True
resisc45,5,stage2,42,resnet50_imagenet_rgb3,resnet50_scratch_rgb3,0.0,2409,2195,214,False,1793,3774,1579,0.395937813440321,False,0.0,True
resisc45,5,stage2,42,resnet50_imagenet_rgb3,swin_b_imagenet_rgb3,1.3926669889220605e-24,1265,450,815,False,1793,1428,978,0.4360231832367365,False,6.963334944610302e-24,True
resisc45,5,stage2,42,resnet50_imagenet_rgb3,swin_b_satlas-aerial_rgb3,2.5184720559084947e-21,1402,523,879,False,1793,1437,914,0.3946459412780656,False,7.555416167725485e-21,True
resisc45,5,stage2,42,resnet50_imagenet_rgb3,swin_b_satlas-rgb_rgb3,5.866388694109638e-23,1515,950,565,False,1793,2178,1228,0.44768501640539554,False,2.346555477643855e-22,True
resisc45,5,stage2,42,resnet50_imagenet_rgb3,swin_b_scratch_rgb3,0.0,2404,2191,213,False,1793,3771,1580,0.3965863453815261,False,0.0,True
resisc45,5,stage2,42,resnet50_satlas-rgb_rgb3,resnet50_scratch_rgb3,8.459676906359555e-129,1604,1286,318,False,2806,3774,2488,0.6080156402737048,False,8.459676906359555e-128,True
resisc45,5,stage2,42,resnet50_satlas-rgb_rgb3,swin_b_imagenet_rgb3,2.529390289198236e-216,1924,273,1651,False,2806,1428,1155,0.37512179278986685,False,3.288207375957707e-215,True
resisc45,5,stage2,42,resnet50_satlas-rgb_rgb3,swin_b_satlas-aerial_rgb3,4.1031941885972644e-212,1937,284,1653,False,2806,1437,1153,0.3731391585760518,False,4.923833026316718e-211,True
resisc45,5,stage2,42,resnet50_satlas-rgb_rgb3,swin_b_satlas-rgb_rgb3,1.2102849406782402e-58,1508,440,1068,False,2806,2178,1738,0.5354282193468884,False,7.261709644069441e-58,True
resisc45,5,stage2,42,resnet50_satlas-rgb_rgb3,swin_b_scratch_rgb3,1.8219459955297548e-127,1611,1288,323,False,2806,3771,2483,0.6064973131411823,False,1.6397513959767793e-126,True
resisc45,5,stage2,42,resnet50_scratch_rgb3,swin_b_imagenet_rgb3,0.0,2712,183,2529,False,3774,1428,1245,0.3146322971948446,False,0.0,True
resisc45,5,stage2,42,resnet50_scratch_rgb3,swin_b_satlas-aerial_rgb3,0.0,2641,152,2489,False,3774,1437,1285,0.3273051451859399,False,0.0,True
resisc45,5,stage2,42,resnet50_scratch_rgb3,swin_b_satlas-rgb_rgb3,3.5942058744261844e-273,2040,222,1818,False,3774,2178,1956,0.4894894894894895,False,5.3913088116392764e-272,True
resisc45,5,stage2,42,resnet50_scratch_rgb3,swin_b_scratch_rgb3,0.9489294097784429,975,486,489,False,3774,3771,3285,0.7711267605633803,False,1.0,False
resisc45,5,stage2,42,swin_b_imagenet_rgb3,swin_b_satlas-aerial_rgb3,0.8209177542674355,1249,629,620,False,1428,1437,808,0.3928050559066602,False,1.0,False
resisc45,5,stage2,42,swin_b_imagenet_rgb3,swin_b_satlas-rgb_rgb3,2.3265718592087178e-82,1518,1134,384,False,1428,2178,1044,0.40749414519906324,False,1.8612574873669742e-81,True
resisc45,5,stage2,42,swin_b_imagenet_rgb3,swin_b_scratch_rgb3,0.0,2677,2510,167,False,1428,3771,1261,0.3202133062468258,False,0.0,True
resisc45,5,stage2,42,swin_b_satlas-aerial_rgb3,swin_b_satlas-rgb_rgb3,2.7788016014843936e-80,1521,1131,390,False,1437,2178,1047,0.4077102803738318,False,1.9451611210390757e-79,True
resisc45,5,stage2,42,swin_b_satlas-aerial_rgb3,swin_b_scratch_rgb3,0.0,2658,2496,162,False,1437,3771,1275,0.32418001525553014,False,0.0,True
resisc45,5,stage2,42,swin_b_satlas-rgb_rgb3,swin_b_scratch_rgb3,5.0865580061468264e-272,2041,1817,224,False,2178,3771,1954,0.4891113892365457,False,7.121181208605557e-271,True
resisc45,10,stage2,42,resnet50_imagenet_rgb3,resnet50_satlas-rgb_rgb3,1.6505549214183687e-129,1682,1338,344,False,1344,2338,1000,0.37285607755406414,False,1.485499429276532e-128,True
resisc45,10,stage2,42,resnet50_imagenet_rgb3,resnet50_scratch_rgb3,0.0,2603,2457,146,False,1344,3655,1198,0.31518021573270194,False,0.0,True
resisc45,10,stage2,42,resnet50_imagenet_rgb3,swin_b_imagenet_rgb3,3.443179292170168e-28,982,318,664,False,1344,998,680,0.4091456077015644,False,1.3772717168680671e-27,True
resisc45,10,stage2,42,resnet50_imagenet_rgb3,swin_b_satlas-aerial_rgb3,3.037710504999712e-10,1155,470,685,False,1344,1129,659,0.3632855567805954,False,9.113131514999136e-10,True
resisc45,10,stage2,42,resnet50_imagenet_rgb3,swin_b_satlas-rgb_rgb3,7.111690744068561e-31,1366,897,469,False,1344,1772,875,0.39045069165551094,False,3.55584537203428e-30,True
resisc45,10,stage2,42,resnet50_imagenet_rgb3,swin_b_scratch_rgb3,0.0,2681,2552,129,False,1344,3767,1215,0.3118583162217659,False,0.0,True
resisc45,10,stage2,42,resnet50_satlas-rgb_rgb3,resnet50_scratch_rgb3,1.3839519288709544e-206,1841,1579,262,False,2338,3655,2076,0.529997447025785,False,1.5223471217580499e-205,True
resisc45,10,stage2,42,resnet50_satlas-rgb_rgb3,swin_b_imagenet_rgb3,2.426606344707813e-219,1794,227,1567,False,2338,998,771,0.30058479532163745,False,2.9119276136493756e-218,True
resisc45,10,stage2,42,resnet50_satlas-rgb_rgb3,swin_b_satlas-aerial_rgb3,8.129392299181728e-182,1765,278,1487,False,2338,1129,851,0.3253058103975535,False,8.129392299181728e-181,True
resisc45,10,stage2,42,resnet50_satlas-rgb_rgb3,swin_b_satlas-rgb_rgb3,1.3623147435807797e-47,1520,477,1043,False,2338,1772,1295,0.46003552397868563,False,8.173888461484678e-47,True
resisc45,10,stage2,42,resnet50_satlas-rgb_rgb3,swin_b_scratch_rgb3,4.596311724439255e-229,1953,1691,262,False,2338,3767,2076,0.5152643335815339,False,5.975205241771032e-228,True
resisc45,10,stage2,42,resnet50_scratch_rgb3,swin_b_imagenet_rgb3,0.0,2911,127,2784,False,3655,998,871,0.23030142781597038,False,0.0,True
resisc45,10,stage2,42,resnet50_scratch_rgb3,swin_b_satlas-aerial_rgb3,0.0,2806,140,2666,False,3655,1129,989,0.2606060606060606,False,0.0,True
resisc45,10,stage2,42,resnet50_scratch_rgb3,swin_b_satlas-rgb_rgb3,0.0,2281,199,2082,False,3655,1772,1573,0.4081473793461339,False,0.0,True
resisc45,10,stage2,42,resnet50_scratch_rgb3,swin_b_scratch_rgb3,0.0003501351715318025,964,538,426,False,3655,3767,3229,0.770093012163129,False,0.0003501351715318025,True
resisc45,10,stage2,42,swin_b_imagenet_rgb3,swin_b_satlas-aerial_rgb3,3.7005027430015096e-05,993,562,431,False,998,1129,567,0.36346153846153845,False,7.401005486003019e-05,True
resisc45,10,stage2,42,swin_b_imagenet_rgb3,swin_b_satlas-rgb_rgb3,2.101871688028065e-98,1348,1061,287,False,998,1772,711,0.345313258863526,False,1.681497350422452e-97,True
resisc45,10,stage2,42,swin_b_imagenet_rgb3,swin_b_scratch_rgb3,0.0,2981,2875,106,False,998,3767,892,0.2303124193131939,False,0.0,True
resisc45,10,stage2,42,swin_b_satlas-aerial_rgb3,swin_b_satlas-rgb_rgb3,3.4435322069148157e-71,1295,969,326,False,1129,1772,803,0.382745471877979,False,2.410472544840371e-70,True
resisc45,10,stage2,42,swin_b_satlas-aerial_rgb3,swin_b_scratch_rgb3,0.0,2922,2780,142,False,1129,3767,987,0.25249424405218723,False,0.0,True
resisc45,10,stage2,42,swin_b_satlas-rgb_rgb3,swin_b_scratch_rgb3,0.0,2361,2178,183,False,1772,3767,1589,0.40227848101265823,False,0.0,True
resisc45,25,stage2,42,resnet50_imagenet_rgb3,resnet50_satlas-rgb_rgb3,2.65844313374231e-111,1482,1173,309,False,962,1826,653,0.30585480093676815,False,2.392598820368079e-110,True
resisc45,25,stage2,42,resnet50_imagenet_rgb3,resnet50_scratch_rgb3,0.0,2692,2553,139,False,962,3376,823,0.23413940256045518,False,0.0,True
resisc45,25,stage2,42,resnet50_imagenet_rgb3,swin_b_imagenet_rgb3,8.364279772649632e-21,833,281,552,False,962,691,410,0.32984714400643605,False,4.182139886324816e-20,True
resisc45,25,stage2,42,resnet50_imagenet_rgb3,swin_b_satlas-aerial_rgb3,4.993906506374889e-06,954,406,548,False,962,820,414,0.3026315789473684,False,4.993906506374889e-06,True
resisc45,25,stage2,42,resnet50_imagenet_rgb3,swin_b_satlas-rgb_rgb3,2.0417015651653455e-14,1060,655,405,False,962,1212,557,0.34446505875077305,False,8.166806260661382e-14,True
resisc45,25,stage2,42,resnet50_imagenet_rgb3,swin_b_scratch_rgb3,0.0,2815,2695,120,False,962,3537,842,0.23024336888159694,False,0.0,True
resisc45,25,stage2,42,resnet50_satlas-rgb_rgb3,resnet50_scratch_rgb3,8.750759901746007e-260,2024,1787,237,False,1826,3376,1589,0.4398007196235815,False,1.0500911882095208e-258,True
resisc45,25,stage2,42,resnet50_satlas-rgb_rgb3,swin_b_imagenet_rgb3,1.3152402714546623e-186,1515,190,1325,False,1826,691,501,0.24851190476190477,False,1.4467642986001285e-185,True
resisc45,25,stage2,42,resnet50_satlas-rgb_rgb3,swin_b_satlas-aerial_rgb3,1.9601212162483198e-150,1480,237,1243,False,1826,820,583,0.28259815802229765,False,1.9601212162483198e-149,True
resisc45,25,stage2,42,resnet50_satlas-rgb_rgb3,swin_b_satlas-rgb_rgb3,4.6628032051721116e-64,1316,351,965,False,1826,1212,861,0.3954983922829582,False,3.7302425641376893e-63,True
resisc45,25,stage2,42,resnet50_satlas-rgb_rgb3,swin_b_scratch_rgb3,1.37096090395373e-309,2067,1889,178,False,1826,3537,1648,0.44360699865410497,False,1.7822491751398464e-308,True
resisc45,25,stage2,42,resnet50_scratch_rgb3,swin_b_imagenet_rgb3,0.0,2891,103,2788,False,3376,691,588,0.16901408450704225,False,0.0,True
resisc45,25,stage2,42,resnet50_scratch_rgb3,swin_b_satlas-aerial_rgb3,0.0,2756,100,2656,False,3376,820,720,0.20713463751438435,False,0.0,True
resisc45,25,stage2,42,resnet50_scratch_rgb3,swin_b_satlas-rgb_rgb3,0.0,2464,150,2314,False,3376,1212,1062,0.3011911514463982,False,0.0,True
resisc45,25,stage2,42,resnet50_scratch_rgb3,swin_b_scratch_rgb3,1.3302314737684672e-06,1095,628,467,False,3376,3537,2909,0.7265234765234765,False,3.990694421305402e-06,True
resisc45,25,stage2,42,swin_b_imagenet_rgb3,swin_b_satlas-aerial_rgb3,2.3428308262066193e-06,735,432,303,False,691,820,388,0.3455031166518255,False,4.685661652413239e-06,True
resisc45,25,stage2,42,swin_b_imagenet_rgb3,swin_b_satlas-rgb_rgb3,1.6134269657208056e-62,971,746,225,False,691,1212,466,0.3242867084203201,False,1.129398876004564e-61,True
resisc45,25,stage2,42,swin_b_imagenet_rgb3,swin_b_scratch_rgb3,0.0,3026,2936,90,False,691,3537,601,0.1657016818307141,False,0.0,True
resisc45,25,stage2,42,swin_b_satlas-aerial_rgb3,swin_b_satlas-rgb_rgb3,1.176552781709125e-34,1014,703,311,False,820,1212,509,0.33420879842416285,False,7.05931669025475e-34,True
resisc45,25,stage2,42,swin_b_satlas-aerial_rgb3,swin_b_scratch_rgb3,0.0,2877,2797,80,False,820,3537,740,0.20458943876140448,False,0.0,True
resisc45,25,stage2,42,swin_b_satlas-rgb_rgb3,swin_b_scratch_rgb3,0.0,2591,2458,133,False,1212,3537,1079,0.29400544959128067,False,0.0,True
resisc45,50,stage2,42,resnet50_imagenet_rgb3,resnet50_satlas-rgb_rgb3,4.865883593315154e-90,1200,949,251,False,711,1409,460,0.27710843373493976,False,4.379295233983639e-89,True
resisc45,50,stage2,42,resnet50_imagenet_rgb3,resnet50_scratch_rgb3,0.0,2596,2493,103,False,711,3101,608,0.18976279650436953,False,0.0,True
resisc45,50,stage2,42,resnet50_imagenet_rgb3,swin_b_imagenet_rgb3,2.3415296620711452e-18,594,190,404,False,711,497,307,0.3407325194228635,False,1.1707648310355727e-17,True
resisc45,50,stage2,42,resnet50_imagenet_rgb3,swin_b_satlas-aerial_rgb3,1.525306313393993e-11,720,269,451,False,711,529,260,0.2653061224489796,False,4.5759189401819794e-11,True
resisc45,50,stage2,42,resnet50_imagenet_rgb3,swin_b_satlas-rgb_rgb3,4.3797330114683955e-05,848,484,364,False,711,831,347,0.2903765690376569,False,8.759466022936791e-05,True
resisc45,50,stage2,42,resnet50_imagenet_rgb3,swin_b_scratch_rgb3,0.0,2825,2735,90,False,711,3356,621,0.18020893789901335,False,0.0,True
resisc45,50,stage2,42,resnet50_satlas-rgb_rgb3,resnet50_scratch_rgb3,4.111311237885605e-296,2114,1903,211,False,1409,3101,1198,0.3617149758454106,False,4.933573485462726e-295,True
resisc45,50,stage2,42,resnet50_satlas-rgb_rgb3,swin_b_imagenet_rgb3,2.7929427143349404e-148,1234,161,1073,False,1409,497,336,0.2140127388535032,False,3.0722369857684346e-147,True
resisc45,50,stage2,42,resnet50_satlas-rgb_rgb3,swin_b_satlas-aerial_rgb3,1.377694469078513e-135,1258,189,1069,False,1409,529,340,0.2127659574468085,False,1.3776944690785128e-134,True
resisc45,50,stage2,42,resnet50_satlas-rgb_rgb3,swin_b_satlas-rgb_rgb3,2.1514603074159942e-68,1090,256,834,False,1409,831,575,0.34534534534534533,False,1.7211682459327954e-67,True
resisc45,50,stage2,42,resnet50_satlas-rgb_rgb3,swin_b_scratch_rgb3,0.0,2327,2137,190,False,1409,3356,1219,0.3437676254935138,False,0.0,True
resisc45,50,stage2,42,resnet50_scratch_rgb3,swin_b_imagenet_rgb3,0.0,2738,67,2671,False,3101,497,430,0.13573232323232323,False,0.0,True
resisc45,50,stage2,42,resnet50_scratch_rgb3,swin_b_satlas-aerial_rgb3,0.0,2710,69,2641,False,3101,529,460,0.14511041009463724,False,0.0,True
resisc45,50,stage2,42,resnet50_scratch_rgb3,swin_b_satlas-rgb_rgb3,0.0,2442,86,2356,False,3101,831,745,0.23376215877000314,False,0.0,True
resisc45,50,stage2,42,resnet50_scratch_rgb3,swin_b_scratch_rgb3,2.0168860613762105e-13,1195,725,470,False,3101,3356,2631,0.6876633559853633,False,8.067544245504842e-13,True
resisc45,50,stage2,42,swin_b_imagenet_rgb3,swin_b_satlas-aerial_rgb3,0.1854185794784961,548,290,258,False,497,529,239,0.3036848792884371,False,0.1854185794784961,False
resisc45,50,stage2,42,swin_b_imagenet_rgb3,swin_b_satlas-rgb_rgb3,1.854571690523083e-35,718,526,192,False,497,831,305,0.2981427174975562,False,1.2982001833661583e-34,True
resisc45,50,stage2,42,swin_b_imagenet_rgb3,swin_b_scratch_rgb3,0.0,2987,2923,64,False,497,3356,433,0.12660818713450292,False,0.0,True
resisc45,50,stage2,42,swin_b_satlas-aerial_rgb3,swin_b_satlas-rgb_rgb3,5.834465575631522e-28,754,528,226,False,529,831,303,0.28666035950804164,False,3.5006793453789134e-27,True
resisc45,50,stage2,42,swin_b_satlas-aerial_rgb3,swin_b_scratch_rgb3,0.0,2947,2887,60,False,529,3356,469,0.13729508196721313,False,0.0,True
resisc45,50,stage2,42,swin_b_satlas-rgb_rgb3,swin_b_scratch_rgb3,0.0,2725,2625,100,False,831,3356,731,0.2115162037037037,False,0.0,True
resisc45,100,stage2,42,resnet50_imagenet_rgb3,resnet50_satlas-rgb_rgb3,4.0104853448798126e-72,894,716,178,False,500,1038,322,0.26480263157894735,False,3.6094368103918314e-71,True
resisc45,100,stage2,42,resnet50_imagenet_rgb3,resnet50_scratch_rgb3,0.0,2340,2254,86,False,500,2668,414,0.1503267973856209,False,0.0,True
resisc45,100,stage2,42,resnet50_imagenet_rgb3,swin_b_imagenet_rgb3,1.5966521629900534e-14,445,141,304,False,500,337,196,0.30577223088923555,False,6.386608651960214e-14,True
resisc45,100,stage2,42,resnet50_imagenet_rgb3,swin_b_satlas-aerial_rgb3,1.63343621676006e-08,490,182,308,False,500,374,192,0.28152492668621704,False,4.90030865028018e-08,True
resisc45,100,stage2,42,resnet50_imagenet_rgb3,swin_b_satlas-rgb_rgb3,0.0014961642897455517,588,333,255,False,500,578,245,0.29411764705882354,False,0.0029923285794911034,True
resisc45,100,stage2,42,resnet50_imagenet_rgb3,swin_b_scratch_rgb3,0.0,2672,2592,80,False,500,3012,420,0.13583441138421734,False,0.0,True
resisc45,100,stage2,42,resnet50_satlas-rgb_rgb3,resnet50_scratch_rgb3,1.0420269688079775e-293,1978,1804,174,False,1038,2668,864,0.3040112596762843,False,1.250432362569573e-292,True
resisc45,100,stage2,42,resnet50_satlas-rgb_rgb3,swin_b_imagenet_rgb3,1.538539873070819e-114,947,123,824,False,1038,337,214,0.1843238587424634,False,1.6923938603779008e-113,True
resisc45,100,stage2,42,resnet50_satlas-rgb_rgb3,swin_b_satlas-aerial_rgb3,3.8336138672961246e-106,918,127,791,False,1038,374,247,0.21201716738197424,False,3.833613867296125e-105,True
resisc45,100,stage2,42,resnet50_satlas-rgb_rgb3,swin_b_satlas-rgb_rgb3,1.4997640257668533e-57,824,182,642,False,1038,578,396,0.32459016393442625,False,1.1998112206134827e-56,True
resisc45,100,stage2,42,resnet50_satlas-rgb_rgb3,swin_b_scratch_rgb3,0.0,2244,2109,135,False,1038,3012,903,0.2869399428026692,False,0.0,True
resisc45,100,stage2,42,resnet50_scratch_rgb3,swin_b_imagenet_rgb3,0.0,2459,64,2395,False,2668,337,273,0.09992679355783309,False,0.0,True
resisc45,100,stage2,42,resnet50_scratch_rgb3,swin_b_satlas-aerial_rgb3,0.0,2420,63,2357,False,2668,374,311,0.11387770047601611,False,0.0,True
resisc45,100,stage2,42,resnet50_scratch_rgb3,swin_b_satlas-rgb_rgb3,0.0,2254,82,2172,False,2668,578,496,0.18036363636363636,False,0.0,True
resisc45,100,stage2,42,resnet50_scratch_rgb3,swin_b_scratch_rgb3,1.3940933122468896e-21,1292,818,474,False,2668,3012,2194,0.6293746414228342,False,8.364559873481338e-21,True
resisc45,100,stage2,42,swin_b_imagenet_rgb3,swin_b_satlas-aerial_rgb3,0.07506197982139647,409,223,186,False,337,374,151,0.26964285714285713,False,0.07506197982139647,False
resisc45,100,stage2,42,swin_b_imagenet_rgb3,swin_b_satlas-rgb_rgb3,3.185065730428693e-25,535,388,147,False,337,578,190,0.2620689655172414,False,2.229546011300085e-24,True
resisc45,100,stage2,42,swin_b_imagenet_rgb3,swin_b_scratch_rgb3,0.0,2771,2723,48,False,337,3012,289,0.09444444444444444,False,0.0,True
resisc45,100,stage2,42,swin_b_satlas-aerial_rgb3,swin_b_satlas-rgb_rgb3,4.692110394215268e-19,518,361,157,False,374,578,217,0.29523809523809524,False,2.3460551971076344e-18,True
resisc45,100,stage2,42,swin_b_satlas-aerial_rgb3,swin_b_scratch_rgb3,0.0,2742,2690,52,False,374,3012,322,0.10509138381201044,False,0.0,True
resisc45,100,stage2,42,swin_b_satlas-rgb_rgb3,swin_b_scratch_rgb3,0.0,2590,2512,78,False,578,3012,500,0.16181229773462782,False,0.0,True
resisc45,full,stage2,42,resnet50_imagenet_rgb3,resnet50_satlas-rgb_rgb3,1.7578281392306959e-25,461,343,118,False,231,456,113,0.19686411149825783,False,1.4062625113845567e-24,True
resisc45,full,stage2,42,resnet50_imagenet_rgb3,resnet50_scratch_rgb3,3.505499931897394e-259,1451,1381,70,False,231,1542,161,0.09987593052109181,False,4.907699904656352e-258,True
resisc45,full,stage2,42,resnet50_imagenet_rgb3,swin_b_imagenet_rgb3,3.641160597915388e-08,211,65,146,False,231,150,85,0.28716216216216217,False,1.0923481793746164e-07,True
resisc45,full,stage2,42,resnet50_imagenet_rgb3,swin_b_satlas-aerial_rgb3,2.621232435117573e-09,244,75,169,False,231,137,62,0.20261437908496732,False,1.0484929740470291e-08,True
resisc45,full,stage2,42,resnet50_imagenet_rgb3,swin_b_satlas-rgb_rgb3,0.2253456937016634,300,161,139,False,231,253,92,0.23469387755102042,False,0.4506913874033268,False
resisc45,full,stage2,42,resnet50_imagenet_rgb3,swin_b_scratch_rgb3,0.0,1835,1782,53,False,231,1960,178,0.08842523596621957,False,0.0,True
resisc45,full,stage2,42,resnet50_satlas-rgb_rgb3,resnet50_scratch_rgb3,4.875776165432357e-198,1306,1196,110,False,456,1542,346,0.20944309927360774,False,5.850931398518829e-197,True
resisc45,full,stage2,42,resnet50_satlas-rgb_rgb3,swin_b_imagenet_rgb3,2.0523503864960552e-49,426,60,366,False,456,150,90,0.1744186046511628,False,2.0523503864960552e-48,True
resisc45,full,stage2,42,resnet50_satlas-rgb_rgb3,swin_b_satlas-aerial_rgb3,1.0063716151986663e-52,433,57,376,False,456,137,80,0.15594541910331383,False,1.107008776718533e-51,True
resisc45,full,stage2,42,resnet50_satlas-rgb_rgb3,swin_b_satlas-rgb_rgb3,1.3395092699205915e-23,407,102,305,False,456,253,151,0.27060931899641577,False,9.37656488944414e-23,True
resisc45,full,stage2,42,resnet50_satlas-rgb_rgb3,swin_b_scratch_rgb3,2.925682136588961e-290,1704,1604,100,False,456,1960,356,0.17281553398058253,False,4.681091418542338e-289,True
resisc45,full,stage2,42,resnet50_scratch_rgb3,swin_b_imagenet_rgb3,4.8483722696718926e-287,1476,42,1434,False,1542,150,108,0.06818181818181818,False,7.272558404507839e-286,True
resisc45,full,stage2,42,resnet50_scratch_rgb3,swin_b_satlas-aerial_rgb3,8.407837732657334e-292,1479,37,1442,False,1542,137,100,0.06333122229259025,False,1.4293324145517467e-290,True
resisc45,full,stage2,42,resnet50_scratch_rgb3,swin_b_satlas-rgb_rgb3,6.080151527492815e-257,1415,63,1352,False,1542,253,190,0.11838006230529595,False,7.904196985740659e-256,True
resisc45,full,stage2,42,resnet50_scratch_rgb3,swin_b_scratch_rgb3,8.267775187253527e-35,1148,783,365,False,1542,1960,1177,0.5062365591397849,False,7.440997668528174e-34,True
resisc45,full,stage2,42,swin_b_imagenet_rgb3,swin_b_satlas-aerial_rgb3,0.31221638834331633,141,64,77,False,150,137,73,0.3411214953271028,False,0.4506913874033268,False
resisc45,full,stage2,42,swin_b_imagenet_rgb3,swin_b_satlas-rgb_rgb3,1.7199660602361546e-12,209,156,53,False,150,253,97,0.31699346405228757,False,8.599830301180773e-12,True
resisc45,full,stage2,42,swin_b_imagenet_rgb3,swin_b_scratch_rgb3,0.0,1872,1841,31,False,150,1960,119,0.05976896032144651,False,0.0,True
resisc45,full,stage2,42,swin_b_satlas-aerial_rgb3,swin_b_satlas-rgb_rgb3,7.107884589208718e-14,236,176,60,False,137,253,77,0.24600638977635783,False,4.264730753525231e-13,True
resisc45,full,stage2,42,swin_b_satlas-aerial_rgb3,swin_b_scratch_rgb3,0.0,1869,1846,23,False,137,1960,114,0.057488653555219364,False,0.0,True
resisc45,full,stage2,42,swin_b_satlas-rgb_rgb3,swin_b_scratch_rgb3,0.0,1803,1755,48,False,253,1960,205,0.10209163346613546,False,0.0,True
